Name,POS,GP,G,A,PTS,+/-,PIM,TOI/G,PPG,PPA,S,S%,SHFT,GWG,FW,FL,FO%,SOA,SOG,SO%
Sidney Crosby,C,79,36,84,120,10,60,20:45,13,48,250,14.4,1930,4,839,847,49.8,15,5,33.3
Joe Thornton,C,82,22,92,114,24,44,20:18,10,44,213,10.3,1917,5,778,744,51.1,1,0,0.0
Vincent Lecavalier,C,82,52,56,108,2,44,22:36,16,20,339,15.3,2105,7,770,883,46.6,12,3,25.0
Dany Heatley,LW,82,50,55,105,31,74,21:01,17,22,310,16.1,1956,10,23,37,38.3,4,1,25.0
Martin St. Louis,RW,82,43,59,102,7,28,24:09,14,16,273,15.8,2185,7,7,13,35.0,10,4,40.0
Marian Hossa,RW,82,43,57,100,18,49,21:40,17,27,340,12.6,2198,5,4,14,22.2,10,5,50.0
Joe Sakic,C,82,36,64,100,2,46,20:11,16,27,258,14.0,2116,4,726,642,53.1,8,4,50.0
Jaromir Jagr,RW,82,30,66,96,26,78,21:45,7,34,324,9.3,1958,5,1,5,16.7,9,3,33.3
Marc Savard,C,82,22,74,96,-19,96,20:12,10,39,221,10.0,1950,3,712,708,50.1,6,1,16.7
Daniel Briere,C,81,32,63,95,17,89,19:18,9,21,234,13.7,1823,6,540,549,49.6,14,6,42.9
Jarome Iginla,RW,70,39,55,94,12,40,22:03,13,20,264,14.8,1791,7,215,191,53.0,4,3,75.0
Teemu Selanne,RW,82,48,46,94,26,82,17:41,25,23,257,18.7,1828,10,178,173,50.7,12,4,33.3
Alex Ovechkin,LW,82,46,46,92,-19,52,21:18,16,21,392,11.7,1982,8,8,9,47.1,12,2,16.7
Olli Jokinen,C,82,39,52,91,18,78,20:30,9,19,351,11.1,2113,8,476,598,44.3,6,1,16.7
Daniel Alfredsson,RW,77,29,58,87,42,42,21:34,7,18,240,12.1,1973,7,15,28,34.9,2,0,0.0
Jason Spezza,C,67,34,53,87,19,45,19:17,13,20,162,21.0,1492,5,668,593,53.0,3,0,0.0
Pavel Datsyuk,C,79,27,60,87,36,20,19:57,5,24,207,13.0,1977,5,475,370,56.2,10,5,50.0
Evgeni Malkin,C,78,33,52,85,2,80,19:09,16,24,242,13.6,1744,6,315,413,43.3,12,3,25.0
Thomas Vanek,LW,82,43,41,84,47,40,16:46,15,7,237,18.1,1593,5,11,28,28.2,11,2,18.2
Daniel Sedin,LW,81,36,48,84,19,36,18:03,16,18,236,15.3,1827,8,10,34,22.7,6,1,16.7
Andrew Brunette,LW,82,27,56,83,-8,36,17:30,9,27,173,15.6,1946,2,5,3,62.5,1,0,0.0
Michael Nylander,C,79,26,57,83,12,42,20:22,14,23,193,13.5,1774,4,501,553,47.5,13,5,38.5
Ray Whitney,LW,81,32,51,83,-5,46,18:42,6,24,215,14.9,1825,6,2,5,28.6,5,0,0.0
Rod Brind'Amour,C,78,26,56,82,7,46,23:19,9,21,181,14.4,2158,5,1213,834,59.3,2,1,50.0
Henrik Sedin,C,82,10,71,81,19,66,18:25,1,34,134,7.5,1898,2,641,579,52.5,1,0,0.0
Alex Tanguay,LW,81,22,59,81,12,44,17:40,5,16,107,20.6,1765,0,6,18,25.0,7,3,42.9
Vyacheslav Kozlov,LW,81,28,52,80,9,36,20:29,8,29,190,14.7,2030,8,153,173,46.9,11,7,63.6
Michael Cammalleri,LW,81,34,46,80,5,48,18:02,16,21,299,11.4,1957,5,163,138,54.2,6,2,33.3
Patrick Marleau,C,77,32,46,78,9,33,18:33,14,23,180,17.8,1641,9,350,343,50.5,1,0,0.0
Andy McDonald,C,82,27,51,78,16,46,17:35,8,25,252,10.7,1815,3,503,405,55.4,10,1,10.0
Paul Stastny,C,82,28,50,78,4,42,18:10,11,20,185,15.1,2094,6,594,632,48.5,3,0,0.0
Daymond Langkow,C,81,33,44,77,23,44,20:07,10,17,247,13.4,2039,6,538,635,45.9,1,0,0.0
Kristian Huselius,F,81,34,43,77,21,26,17:22,14,20,173,19.7,1675,6,4,10,28.6,5,1,20.0
Paul Kariya,LW,82,24,52,76,6,36,20:22,5,20,224,10.7,2008,2,0,3,0.0,11,7,63.6
Mats Sundin,C,75,27,49,76,-2,62,20:28,6,28,321,8.4,2052,3,988,802,55.2,11,6,54.5
Ilya Kovalchuk,LW,82,42,34,76,-2,66,21:31,18,14,336,12.5,1873,7,26,40,39.4,4,1,25.0
Saku Koivu,C,81,22,53,75,-21,74,18:06,11,32,154,14.3,1797,4,798,655,54.9,9,5,55.6
Alexander Semin,RW,77,38,35,73,-7,90,18:16,17,21,243,15.6,1619,6,12,32,27.3,10,2,20.0
Alexander Frolov,LW,82,35,36,71,-8,34,19:56,10,18,195,17.9,2065,6,7,12,36.8,9,4,44.4
Milan Hejduk,RW,80,35,35,70,10,44,17:52,12,12,257,13.6,1973,6,49,60,45.0,7,2,28.6
Brad Richards,C,82,25,45,70,-19,23,24:06,12,21,272,9.2,2156,3,812,768,51.4,12,5,41.7
Martin Straka,F,77,29,41,70,16,24,19:57,8,20,165,17.6,1782,6,86,127,40.4,2,0,0.0
Patrice Bergeron,C,77,22,48,70,-28,26,20:48,14,24,224,9.8,2035,6,798,762,51.2,11,6,54.5
Eric Staal,C,82,30,40,70,-6,68,20:07,12,14,288,10.4,2011,1,559,679,45.2,3,0,0.0
Jason Blake,LW,82,40,29,69,1,34,18:05,14,8,305,13.1,1692,7,67,50,57.3,6,1,16.7
Chris Drury,C,77,37,32,69,1,30,18:46,17,10,199,18.6,1774,9,948,665,58.8,1,0,0.0
Patrik Elias,C,75,21,48,69,1,38,18:40,8,23,267,7.9,1719,5,7,11,38.9,11,2,18.2
Scott Niedermayer,D,79,15,54,69,6,86,27:30,9,25,172,8.7,2163,3,1,0,100.0,0,0,0.0
Jonathan Cheechoo,RW,76,37,32,69,11,69,17:33,15,15,250,14.8,1582,5,10,22,31.3,3,2,66.7
Simon Gagne,LW,76,41,27,68,2,30,21:01,13,8,291,14.1,1921,4,21,28,42.9,6,1,16.7
Mark Recchi,RW,82,24,44,68,1,62,19:42,14,13,190,12.6,1954,3,12,14,46.2,0,0,0.0
Ryan Smyth,LW,71,36,32,68,2,52,20:40,15,7,210,17.1,1748,5,32,40,44.4,4,1,25.0
Jason Pominville,RW,82,34,34,68,25,30,17:24,2,11,212,16.0,1781,5,6,8,42.9,2,0,0.0
Henrik Zetterberg,C,63,33,35,68,26,36,20:49,11,13,224,14.7,1673,10,466,422,52.5,4,1,25.0
Sergei Gonchar,D,82,13,54,67,-5,72,26:33,10,38,191,6.8,2343,3,0,0,0.0,2,0,0.0
Justin Williams,RW,82,33,34,67,-11,73,20:51,12,12,258,12.8,2096,8,9,15,37.5,4,0,0.0
J.P. Dumont,RW,82,21,45,66,14,28,16:11,5,14,143,14.7,1741,3,1,5,16.7,3,1,33.3
Milan Michalek,LW,78,26,40,66,17,36,16:45,11,15,191,13.6,1604,9,2,9,18.2,0,0,0.0
Pavol Demitra,LW,71,25,39,64,0,28,20:38,9,17,175,14.3,2076,4,245,268,47.8,14,6,42.9
Brian Rolston,RW,78,31,33,64,6,46,21:16,13,21,305,10.2,2227,6,134,161,45.4,12,5,41.7
Sheldon Souray,D,81,26,38,64,-28,135,23:11,19,29,224,11.6,2210,6,2,0,100.0,1,1,100.0
David Vyborny,RW,82,16,48,64,6,60,20:20,6,21,158,10.1,2213,2,102,167,37.9,9,5,55.6
Dan Boyle,D,82,20,43,63,-5,62,27:03,10,27,203,9.9,2112,4,0,1,0.0,1,0,0.0
David Legwand,C,78,27,36,63,23,44,18:21,3,7,153,17.6,1966,7,502,606,45.3,0,0,0.0
Derek Roy,C,75,21,42,63,37,60,18:27,6,8,130,16.2,1633,3,548,581,48.5,1,0,0.0
Nicklas Lidstrom,D,80,13,49,62,40,46,27:28,10,23,224,5.8,2319,1,0,0,0.0,0,0,0.0
Brendan Shanahan,LW,67,29,33,62,2,47,19:48,14,17,295,9.8,1659,3,135,146,48.0,8,3,37.5
Nathan Horton,RW,82,31,31,62,15,61,18:03,7,6,217,14.3,2042,3,15,16,48.4,7,2,28.6
Zach Parise,LW,82,31,31,62,-3,30,17:32,9,13,247,12.6,1762,7,23,29,44.2,14,7,50.0
Anze Kopitar,C,72,20,41,61,-12,24,20:32,7,22,193,10.4,1895,1,555,649,46.1,9,5,55.6
Maxim Afinogenov,RW,56,23,38,61,19,66,17:03,7,13,151,15.2,1067,3,2,1,66.7,6,2,33.3
Erik Cole,LW,71,29,32,61,2,76,18:01,9,9,166,17.5,1621,4,11,16,40.7,2,0,0.0
Scott Gomez,C,72,13,47,60,7,42,18:56,4,19,248,5.2,1601,1,628,576,52.2,1,0,0.0
Jamie Langenbrunner,RW,82,23,37,60,-10,64,18:32,12,10,243,9.5,1825,7,8,15,34.8,5,3,60.0
Markus Naslund,LW,82,24,36,60,3,54,17:44,9,19,222,10.8,1804,5,3,3,50.0,7,2,28.6
Steve Sullivan,LW,57,22,38,60,16,20,19:25,6,17,122,18.0,1420,4,15,24,38.5,4,2,50.0
Dainius Zubrus,C,79,24,36,60,-19,62,19:29,10,13,158,15.2,1906,4,572,593,49.1,1,0,0.0
Chris Kunitz,LW,81,25,35,60,23,81,17:03,11,9,180,13.9,1787,5,4,9,30.8,6,2,33.3
Ryan Whitney,D,81,14,45,59,9,77,23:56,9,24,129,10.9,2194,2,1,4,20.0,0,0,0.0
Chris Pronger,D,66,13,46,59,27,69,27:05,8,28,166,7.8,1836,2,1,3,25.0,1,0,0.0
Mike Ribeiro,C,81,18,41,59,3,22,14:56,6,21,111,16.2,1372,3,316,362,46.6,9,4,44.4
Miroslav Satan,RW,81,27,32,59,-12,46,18:33,7,14,216,12.5,1691,2,91,73,55.5,13,5,38.5
Mike Sillinger,C,82,26,33,59,5,46,19:14,11,12,152,17.1,2027,3,1004,704,58.8,2,0,0.0
Doug Weight,C,82,16,43,59,10,56,18:17,5,15,123,13.0,1886,3,489,536,47.7,11,6,54.5
Tomas Kaberle,D,74,11,47,58,3,20,25:52,2,28,128,8.6,2187,1,0,0,0.0,3,1,33.3
Keith Tkachuk,LW,79,27,31,58,11,126,17:29,10,9,196,13.8,1987,4,519,507,50.6,6,2,33.3
Lubomir Visnovsky,D,69,18,40,58,1,26,24:27,8,25,159,11.3,2017,0,2,4,33.3,3,1,33.3
Michael Ryder,RW,82,30,28,58,-25,60,16:16,17,17,221,13.6,1619,3,12,16,42.9,4,1,25.0
Ryan Getzlaf,C,82,25,33,58,17,66,15:03,11,20,203,12.3,1627,6,439,449,49.4,12,5,41.7
Marian Gaborik,RW,48,30,27,57,12,40,19:37,12,10,196,15.3,1360,7,0,4,0.0,2,0,0.0
Martin Havlat,F,56,25,32,57,15,28,21:23,5,11,176,14.2,1486,1,4,8,33.3,6,2,33.3
Bryan McCabe,D,82,15,42,57,3,115,26:49,11,23,207,7.2,2494,1,0,0,0.0,0,0,0.0
Jozef Stumpel,C,73,23,34,57,2,22,19:07,9,16,131,17.6,1846,4,498,488,50.5,4,2,50.0
Martin Erat,RW,68,16,41,57,13,50,18:58,5,13,132,12.1,1630,3,19,24,44.2,7,1,14.3
Rick Nash,LW,75,27,30,57,-8,73,19:11,9,13,228,11.8,1996,5,61,82,42.7,5,1,20.0
Pierre-Marc Bouchard,C,82,20,37,57,13,14,15:59,5,19,173,11.6,1836,3,6,12,33.3,6,1,16.7
Bill Guerin,RW,77,36,20,56,10,66,16:59,9,7,225,16.0,1692,7,6,6,50.0,2,1,50.0
Jochen Hecht,C,76,19,37,56,19,39,18:50,3,6,197,9.6,1761,1,57,88,39.3,1,0,0.0
Shane Doan,RW,73,27,28,55,-14,73,20:26,11,12,209,12.9,1906,7,68,106,39.1,3,2,66.7
Peter Forsberg,C,57,13,42,55,7,88,18:17,6,19,99,13.1,1275,3,478,479,49.9,6,1,16.7
Ladislav Nagy,LW,80,12,43,55,-5,54,17:19,4,20,146,8.2,1772,1,14,34,29.2,6,4,66.7
Vinny Prospal,LW,82,14,41,55,-24,36,19:03,2,10,219,6.4,1831,1,65,59,52.4,5,2,40.0
Brian Rafalski,D,82,8,47,55,4,34,25:29,3,27,148,5.4,2357,4,0,0,0.0,0,0,0.0
Kimmo Timonen,D,80,13,42,55,20,42,21:50,8,18,121,10.7,2039,2,0,1,0.0,0,0,0.0
Jason Arnott,C,68,27,27,54,15,48,17:59,12,8,190,14.2,1562,6,579,566,50.6,0,0,0.0
Chris Clark,RW,74,30,24,54,-10,66,18:20,9,7,164,18.3,1825,2,60,58,50.8,1,0,0.0
Mike Knuble,RW,64,24,30,54,2,56,19:37,10,8,160,15.0,1550,1,23,39,37.1,1,0,0.0
Sergei Zubov,D,78,12,42,54,0,26,25:56,9,31,156,7.7,2161,3,1,0,100.0,12,5,41.7
Mikko Koivu,C,82,20,34,54,6,58,17:28,9,10,162,12.3,2168,2,593,572,50.9,15,8,53.3
Petr Sykora,RW,82,22,31,53,-20,40,16:38,6,19,206,10.7,1562,6,222,240,48.1,5,1,20.0
Ales Hemsky,RW,64,13,40,53,-7,40,16:59,5,20,122,10.7,1352,1,3,7,30.0,6,1,16.7
Tomas Holmstrom,LW,77,30,22,52,13,58,15:12,13,6,176,17.0,1476,5,0,0,0.0,2,0,0.0
Robert Lang,C,81,19,33,52,12,66,16:48,6,11,166,11.4,1753,4,401,411,49.4,2,0,0.0
Mathieu Schneider,D,68,11,41,52,12,66,23:33,2,29,184,6.0,1751,2,0,0,0.0,0,0,0.0
Lee Stempniak,RW,82,27,25,52,-2,33,14:42,8,11,166,16.3,1667,4,1,6,14.3,8,4,50.0
Philippe Boucher,D,76,19,32,51,2,104,22:53,12,19,222,8.6,1975,4,0,1,0.0,0,0,0.0
Viktor Kozlov,RW,81,25,26,51,12,28,16:24,5,7,165,15.2,1605,4,180,282,39.0,13,5,38.5
Brendan Morrison,C,82,20,31,51,-9,60,17:57,6,12,139,14.4,1887,3,625,604,50.9,9,6,66.7
Scott Walker,RW,81,21,30,51,-10,45,16:10,6,6,183,11.5,1694,6,40,55,42.1,1,0,0.0
Shawn Horcoff,C,80,16,35,51,-22,56,20:49,5,18,168,9.5,2077,5,720,702,50.6,0,0,0.0
Alexey Yashin,C,58,18,32,50,6,44,17:03,5,16,203,8.9,1135,3,242,285,45.9,3,0,0.0
Dion Phaneuf,D,79,17,33,50,10,98,25:39,13,18,230,7.4,2353,4,0,0,0.0,2,0,0.0
Wojtek Wolski,LW,76,22,28,50,2,14,15:31,7,10,165,13.3,1611,2,3,0,100.0,6,3,50.0
Andrei Markov,D,77,6,43,49,2,56,24:28,5,27,128,4.7,2208,2,0,1,0.0,0,0,0.0
Tyler Arnason,C,82,16,33,49,-8,26,14:20,1,11,211,7.6,1673,3,185,237,43.8,0,0,0.0
Brian Campbell,D,82,6,42,48,28,35,21:52,1,8,92,6.5,2004,1,0,0,0.0,0,0,0.0
Mike Fisher,C,68,22,26,48,15,41,18:25,7,5,193,11.4,1613,3,620,571,52.1,4,1,25.0
Sean Avery,C,84,18,30,48,1,174,17:11,2,13,249,7.2,1996,2,143,147,49.3,1,0,0.0
Stephen Weiss,C,74,20,28,48,-1,28,17:06,10,11,176,11.4,1804,1,542,639,45.9,1,0,0.0
Petr Cajanek,C,77,15,33,48,9,54,16:15,1,8,167,9.0,1704,1,271,268,50.3,0,0,0.0
Michel Ouellet,RW,73,19,29,48,-3,30,13:19,11,8,148,12.8,1300,2,3,5,37.5,1,0,0.0
Jussi Jokinen,LW,82,14,34,48,8,18,13:53,6,15,121,11.6,1461,1,144,133,52.0,12,5,41.7
Alex Kovalev,RW,73,18,29,47,-19,78,18:14,8,14,197,9.1,1499,5,75,87,46.3,9,4,44.4
Tomas Plekanec,C,81,20,27,47,10,36,15:58,5,9,150,13.3,1679,1,560,599,48.3,3,1,33.3
Peter Schaefer,LW,77,12,34,46,7,32,16:43,5,8,132,9.1,1696,2,2,5,28.6,0,0,0.0
Matthew Lombardi,C,81,20,26,46,10,48,16:22,5,8,176,11.4,1831,5,474,491,49.1,2,0,0.0
Marc-Andre Bergeron,D,78,14,32,46,-4,38,19:09,10,15,166,8.4,1776,4,0,0,0.0,0,0,0.0
Brad Boyes,RW,81,17,29,46,-17,29,16:22,1,8,182,9.3,1752,2,151,162,48.2,6,0,0.0
Dustin Brown,RW,81,17,29,46,-21,54,18:42,13,12,195,8.7,2051,1,38,39,49.4,8,4,50.0
Dustin Penner,LW,82,29,16,45,-2,58,13:59,9,7,204,14.2,1552,5,27,31,46.6,0,0,0.0
Glen Murray,RW,59,28,17,45,-12,44,18:45,12,6,201,13.9,1350,4,10,9,52.6,4,0,0.0
Mike Comrie,C,65,20,25,45,0,44,15:14,7,8,125,16.0,1218,3,224,230,49.3,7,3,42.9
Alexei Ponikarovsky,LW,71,21,24,45,8,63,17:06,6,5,198,10.6,1718,1,1,3,25.0,7,0,0.0
Brian Gionta,RW,62,25,20,45,-3,36,18:49,11,7,194,12.9,1397,4,12,19,38.7,13,7,53.8
Derek Armstrong,C,67,11,33,44,13,62,15:03,3,6,109,10.1,1506,0,403,439,47.9,1,0,0.0
Martin Gelinas,LW,82,14,30,44,7,36,13:24,7,6,171,8.2,1570,1,11,16,40.7,1,0,0.0
Tom Poti,D,78,6,38,44,-1,74,25:37,6,26,134,4.5,2261,1,0,0,0.0,2,0,0.0
Bryan Smolinski,C,82,18,26,44,7,37,17:59,6,6,163,11.0,2045,3,611,601,50.4,4,2,50.0
Marco Sturm,LW,76,27,17,44,-24,46,18:35,10,8,224,12.1,1885,1,8,5,61.5,11,4,36.4
Todd White,C,77,13,31,44,8,24,17:13,6,8,162,8.0,2085,1,517,534,49.2,2,1,50.0
Corey Perry,RW,82,17,27,44,12,55,12:28,4,16,194,8.8,1365,3,9,12,42.9,6,1,16.7
John-Michael Liles,D,71,14,30,44,0,24,17:45,8,20,128,10.9,1707,3,0,0,0.0,0,0,0.0
Joni Pitkanen,D,77,4,39,43,-25,88,24:30,1,17,137,2.9,2103,0,0,0,0.0,1,0,0.0
Zdeno Chara,D,80,11,32,43,-21,100,27:57,9,17,204,5.4,2375,3,0,1,0.0,2,1,50.0
Jere Lehtinen,F,73,26,17,43,5,16,19:25,11,7,194,13.4,1875,5,5,31,13.9,3,1,33.3
Mike Modano,C,59,22,21,43,9,34,18:24,9,9,141,15.6,1395,7,479,439,52.2,3,0,0.0
Darcy Tucker,RW,56,24,19,43,-11,81,17:47,15,6,143,16.8,1251,6,6,9,40.0,6,1,16.7
Sergei Fedorov,C,73,18,24,42,-7,56,19:56,7,11,163,11.0,1942,2,356,324,52.4,3,2,66.7
Fredrik Modin,LW,79,22,20,42,-3,50,19:06,6,6,220,10.0,2086,4,236,272,46.5,3,0,0.0
Jeff O'Neill,RW,74,20,22,42,1,54,13:43,6,5,165,12.1,1546,3,144,105,57.8,2,1,50.0
Gary Roberts,F,69,20,22,42,0,97,16:43,6,9,125,16.0,1465,4,19,12,61.3,1,0,0.0
Jay Bouwmeester,D,82,12,30,42,23,66,26:07,3,8,174,6.9,2609,3,0,0,0.0,1,0,0.0
Kyle Wellwood,C,48,12,30,42,3,0,16:38,7,14,99,12.1,988,2,164,127,56.4,4,1,25.0
Kevin Bieksa,D,81,12,30,42,1,134,24:16,6,13,203,5.9,2337,2,0,0,0.0,1,0,0.0
Matthew Carle,D,77,11,31,42,9,30,18:08,8,18,111,9.9,1773,1,0,1,0.0,0,0,0.0
Travis Zajac,C,80,17,25,42,1,16,16:02,6,6,134,12.7,1610,2,424,480,46.9,4,1,25.0
Jordan Staal,C,81,29,13,42,16,24,14:56,4,2,131,22.1,1637,4,142,241,37.1,0,0,0.0
Matt Cullen,C,80,16,25,41,0,52,17:09,2,5,217,7.4,1936,2,619,515,54.6,8,3,37.5
Radim Vrbata,RW,77,14,27,41,-4,26,16:53,5,6,215,6.5,1751,2,4,8,33.3,7,2,28.6
Sergei Brylin,LW,82,16,24,40,-5,35,17:45,8,7,97,16.5,1942,2,126,151,45.5,8,1,12.5
Daniel Cleary,LW,71,20,20,40,6,24,15:28,6,2,135,14.8,1499,5,210,201,51.1,4,2,50.0
Owen Nolan,RW,76,16,24,40,-2,56,15:25,2,10,154,10.4,1616,1,125,113,52.5,1,0,0.0
Randy Robitaille,C,78,11,29,40,-6,44,14:05,3,6,120,9.2,1392,1,426,372,53.4,4,2,50.0
Michal Rozsival,D,80,10,30,40,10,52,23:46,7,13,104,9.6,2299,3,0,3,0.0,1,0,0.0
Shea Weber,D,79,17,23,40,13,60,19:23,6,8,152,11.2,1947,2,0,0,0.0,0,0,0.0
Petr Prucha,RW,79,22,18,40,-7,30,12:59,8,8,136,16.2,1350,2,35,35,50.0,6,0,0.0
Matt Stajan,C,82,10,29,39,3,44,16:08,1,6,132,7.6,1901,1,454,531,46.1,3,1,33.3
Brett Clark,D,82,10,29,39,5,50,23:40,4,10,140,7.1,2880,1,1,0,100.0,0,0,0.0
Scott Hartnell,LW,64,22,17,39,19,96,15:43,10,1,150,14.7,1370,2,63,71,47.0,0,0,0.0
Mark Parrish,RW,76,19,20,39,9,18,14:19,5,6,141,13.5,1599,4,4,9,30.8,2,0,0.0
Jeff Hamilton,C,70,18,21,39,-4,22,12:55,3,11,138,13.0,1193,4,20,35,36.4,10,5,50.0
Jarret Stoll,C,51,13,26,39,2,48,18:11,6,11,115,11.3,1238,2,501,400,55.6,1,0,0.0
Antoine Vermette,C,77,19,20,39,-2,52,15:42,2,3,151,12.6,1702,2,442,392,53.0,8,3,37.5
Roman Hamrlik,D,75,7,31,38,22,88,24:52,1,17,125,5.6,2236,1,0,0,0.0,0,0,0.0
Yanic Perreault,C,66,21,17,38,-1,34,15:33,7,5,125,16.8,1375,5,506,300,62.8,6,2,33.3
Alexei Zhitnik,LW,79,7,31,38,1,92,24:04,3,11,132,5.3,2189,2,1,1,50.0,0,0,0.0
Ales Kotalik,RW,66,16,22,38,-5,46,14:30,3,8,162,9.9,1258,4,17,18,48.6,7,5,71.4
Chris Kelly,C,82,15,23,38,28,40,15:18,1,1,131,11.5,1729,0,281,283,49.8,0,0,0.0
Tom Preissing,D,80,7,31,38,40,18,15:15,3,15,94,7.4,1606,0,0,0,0.0,0,0,0.0
Christopher Higgins,LW,61,22,16,38,-11,26,17:54,8,7,159,13.8,1325,3,18,35,34.0,4,1,25.0
Tuomo Ruutu,RW,71,17,21,38,4,95,17:20,1,7,115,14.8,1602,1,148,199,42.7,4,2,50.0
Jeff Carter,C,62,14,23,37,-17,48,18:57,3,4,215,6.5,1521,1,482,580,45.4,2,0,0.0
Alexander Radulov,RW,64,18,19,37,19,26,11:38,5,6,96,18.8,1017,4,0,0,0.0,6,3,50.0
Craig Conroy,C,80,13,24,37,-3,56,15:39,4,5,112,11.6,1931,2,636,609,51.1,0,0,0.0
Radek Dvorak,RW,82,10,27,37,-6,48,15:37,1,8,139,7.2,1758,1,10,16,38.5,0,0,0.0
Filip Kuba,D,81,15,22,37,-9,36,20:12,5,13,106,14.2,1939,2,0,0,0.0,2,0,0.0
Ville Peltonen,LW,72,17,20,37,7,28,16:24,4,2,145,11.7,1661,0,11,24,31.4,7,3,42.9
Taylor Pyatt,LW,76,23,14,37,5,42,13:57,9,2,150,15.3,1397,4,0,4,0.0,2,0,0.0
Sami Salo,D,67,14,23,37,21,26,21:27,5,13,143,9.8,1927,6,0,1,0.0,0,0,0.0
Joe Corvo,D,76,8,29,37,8,42,18:03,3,12,160,5.0,1743,2,0,0,0.0,0,0,0.0
Scott Mellanby,RW,69,12,24,36,-9,63,13:43,5,9,103,11.7,1222,2,16,19,45.7,0,0,0.0
Wade Redden,D,64,7,29,36,1,50,22:54,4,15,122,5.7,1777,3,0,0,0.0,0,0,0.0
Oleg Saprykin,LW,71,15,21,36,5,58,12:27,2,2,150,10.0,1234,2,4,14,22.2,0,0,0.0
Jason Chimera,LW,82,15,21,36,2,91,15:22,2,2,151,9.9,1824,2,14,24,36.8,4,1,25.0
Jay McClement,C,81,8,28,36,3,55,13:53,0,1,104,7.7,1634,0,442,397,52.7,0,0,0.0
Eric Perrin,C,82,13,23,36,-7,30,17:00,2,5,151,8.6,1817,0,207,200,50.9,4,0,0.0
Mark Streit,D,76,10,26,36,-5,14,14:00,2,12,102,9.8,1343,1,4,8,33.3,1,0,0.0
Patrick Sharp,LW,80,20,15,35,-15,74,17:04,5,0,160,12.5,1992,1,469,539,46.5,3,2,66.7
Alex Steen,LW,82,15,20,35,5,26,15:41,4,3,192,7.8,1890,5,15,29,34.1,2,1,50.0
Andrej Meszaros,D,82,7,28,35,-15,102,21:40,0,10,147,4.8,2221,1,0,0,0.0,0,0,0.0
Eric Belanger,C,80,17,18,35,-2,26,16:14,4,2,149,11.4,1819,1,640,566,53.1,1,0,0.0
Kyle Calder,LW,78,14,21,35,-25,58,15:31,3,7,130,10.8,1642,2,4,8,33.3,1,0,0.0
Chris Gratton,F,81,13,22,35,1,94,12:05,1,1,131,9.9,1397,1,293,224,56.7,0,0,0.0
Trent Hunter,RW,77,20,15,35,5,22,15:58,5,4,168,11.9,1634,2,6,8,42.9,5,0,0.0
Brett McLean,RW,78,15,20,35,8,36,13:37,0,1,134,11.2,1586,3,207,206,50.1,3,2,66.7
Rob Blake,D,72,14,20,34,-26,82,24:23,11,15,208,6.7,2232,1,1,2,33.3,0,0,0.0
Mikael Samuelsson,RW,53,14,20,34,1,28,15:08,6,8,189,7.4,1046,2,2,1,66.7,2,0,0.0
Raffi Torres,LW,82,15,19,34,-7,88,14:19,1,0,154,9.7,1600,0,22,28,44.0,1,1,100.0
Colby Armstrong,RW,80,12,22,34,2,67,16:49,1,3,145,8.3,1824,3,2,11,15.4,0,0,0.0
Ron Hainsey,D,80,9,25,34,-19,69,22:53,7,16,136,6.6,2348,0,1,1,50.0,1,0,0.0
Ryane Clowe,LW,58,16,18,34,4,78,13:10,4,3,93,17.2,980,3,3,2,60.0,4,2,50.0
Christian Ehrhoff,D,82,10,23,33,8,63,18:32,6,12,164,6.1,1952,2,0,1,0.0,0,0,0.0
Erik Christensen,C,61,18,15,33,-3,26,11:37,6,5,133,13.5,993,1,135,105,56.3,14,8,57.1
Nik Antropov,C,54,18,15,33,8,44,16:35,4,1,125,14.4,1237,4,12,22,35.3,2,0,0.0
Mike Grier,RW,81,16,17,33,-5,43,16:26,2,1,125,12.8,1713,1,19,27,41.3,0,0,0.0
Glen Metropolit,C,77,14,19,33,9,34,12:05,5,3,123,11.4,1226,2,178,182,49.4,1,0,0.0
Steven Reinprecht,C,49,9,24,33,-3,28,15:40,2,10,71,12.7,1034,1,281,256,52.3,2,0,0.0
Martin Rucinsky,LW,52,12,21,33,-3,48,16:43,4,7,96,12.5,1196,3,3,11,21.4,6,2,33.3
Ruslan Fedotenko,LW,80,12,20,32,-3,52,16:15,2,4,154,7.8,1629,1,2,6,25.0,2,0,0.0
John Madden,C,74,12,20,32,-7,14,18:52,0,3,153,7.8,1907,1,680,686,49.8,6,4,66.7
Matt Pettinger,LW,64,16,16,32,-13,22,16:53,4,6,111,14.4,1543,2,7,15,31.8,4,1,25.0
Ruslan Salei,D,82,6,26,32,-13,102,23:19,2,18,148,4.1,2354,0,0,0,0.0,0,0,0.0
Jason Williams,RW,78,15,17,32,1,44,15:25,5,3,149,10.1,1520,2,87,117,42.6,9,3,33.3
Nikolay Zherdev,RW,71,10,22,32,-19,26,16:13,3,9,164,6.1,1461,2,4,13,23.5,8,2,25.0
Mike Richards,C,59,10,22,32,-12,52,17:49,1,5,130,7.7,1409,3,467,511,47.8,3,0,0.0
Patrick Eaves,RW,73,14,18,32,1,36,12:12,3,3,130,10.8,1223,1,1,8,11.1,0,0,0.0
Ryan Malone,LW,64,16,15,31,4,71,16:15,1,4,125,12.8,1380,0,48,61,44.0,0,0,0.0
Duncan Keith,D,82,2,29,31,0,76,23:35,0,4,122,1.6,2284,0,0,0,0.0,0,0,0.0
Steve Bernier,RW,62,15,16,31,5,29,13:34,6,8,104,14.4,1073,4,5,13,27.8,0,0,0.0
Bates Battaglia,LW,82,12,19,31,9,45,12:27,0,0,94,12.8,1439,0,0,4,0.0,0,0,0.0
Mike Johnson,RW,80,11,20,31,6,40,15:22,1,2,131,8.4,1645,1,12,26,31.6,0,0,0.0
Brenden Morrow,LW,40,16,15,31,-2,33,18:16,8,4,101,15.8,865,3,20,31,39.2,0,0,0.0
Mattias Ohlund,D,77,11,20,31,-3,80,24:47,6,9,170,6.5,2393,2,0,1,0.0,0,0,0.0
Tony Amonte,RW,81,10,20,30,-4,40,14:08,1,2,139,7.2,1625,1,6,12,33.3,2,0,0.0
Matt Cooke,LW,81,10,20,30,0,64,15:36,1,3,133,7.5,1710,3,9,10,47.4,0,0,0.0
Marek Svatos,RW,66,15,15,30,1,46,12:29,8,3,179,8.4,1263,2,1,0,100.0,5,1,20.0
Marek Zidlicky,D,79,4,26,30,8,72,19:43,2,8,114,3.5,1863,1,0,0,0.0,1,0,0.0
Rostislav Olesz,LW,75,11,19,30,2,28,15:30,2,1,164,6.7,1664,2,7,5,58.3,3,0,0.0
Johan Franzen,RW,69,10,20,30,20,37,15:34,0,1,151,6.6,1493,2,18,27,40.0,2,1,50.0
Boyd Gordon,C,71,7,22,29,10,14,15:49,0,0,104,6.7,1687,0,632,582,52.1,0,0,0.0
John Pohl,C,74,13,16,29,-4,10,11:21,3,4,105,12.4,1214,1,295,258,53.3,2,1,50.0
Guillaume Latendresse,D,80,16,13,29,-20,47,12:35,5,5,121,13.2,1261,3,2,14,12.5,1,0,0.0
Phil Kessel,RW,70,11,18,29,-12,12,14:03,1,4,170,6.5,1292,0,152,221,40.8,7,4,57.1
Eric Brewer,D,82,6,23,29,-10,69,24:31,2,6,111,5.4,2448,1,0,0,0.0,0,0,0.0
Kris Draper,RW,81,14,15,29,7,58,16:44,0,0,157,8.9,1963,1,712,530,57.3,0,0,0.0
Bobby Holik,C,82,11,18,29,-3,86,15:55,2,2,190,5.8,1894,1,820,607,57.5,0,0,0.0
Ed Jovanovski,D,54,11,18,29,-6,63,23:08,6,8,135,8.1,1615,1,0,0,0.0,0,0,0.0
Dmitri Kalinin,D,82,7,22,29,19,36,19:30,0,3,86,8.1,2027,0,1,0,100.0,0,0,0.0
Ian Laperriere,RW,81,8,21,29,5,133,13:50,0,0,118,6.8,1694,0,182,207,46.8,0,0,0.0
Dean McAmmond,LW,81,14,15,29,11,28,11:07,0,1,86,16.3,1301,1,299,378,44.2,5,2,40.0
Teppo Numminen,D,79,2,27,29,17,32,20:47,0,12,69,2.9,2076,0,0,0,0.0,0,0,0.0
Geoff Sanderson,LW,58,11,18,29,-16,44,13:57,3,4,143,7.7,1072,2,68,95,41.7,1,0,0.0
Jon Sim,LW,77,17,12,29,-1,60,11:44,2,1,141,12.1,1245,1,2,7,22.2,2,1,50.0
Mike Van Ryn,D,78,4,25,29,-5,64,21:08,1,9,121,3.3,2185,0,0,1,0.0,0,0,0.0
Mike Commodore,D,82,7,22,29,0,113,19:53,0,1,136,5.1,2256,1,0,0,0.0,0,0,0.0
Niklas Hagman,LW,82,17,12,29,3,34,14:25,2,3,152,11.2,1638,2,3,12,20.0,1,0,0.0
Anson Carter,RW,64,11,17,28,-4,18,14:04,4,4,70,15.7,1230,1,43,41,51.2,1,1,100.0
Chad Kilger,LW,82,14,14,28,-5,58,14:29,0,0,141,9.9,1727,2,91,107,46.0,0,0,0.0
Jeremy Roenick,C,70,11,17,28,-18,32,13:53,4,4,89,12.4,1346,1,306,289,51.4,1,0,0.0
Brent Sopel,D,64,5,23,28,2,24,20:15,2,6,131,3.8,1722,2,1,2,33.3,0,0,0.0
Brian Pothier,D,72,3,25,28,-11,44,23:45,2,13,118,2.5,2062,0,0,0,0.0,1,0,0.0
Chris Neil,RW,82,12,16,28,6,177,13:07,3,2,139,8.6,1462,3,5,8,38.5,0,0,0.0
Andy Hilbert,C,81,8,20,28,10,34,11:26,0,0,164,4.9,1301,1,67,61,52.3,3,1,33.3
Francois Beauchemin,D,71,7,21,28,7,49,25:28,2,11,128,5.5,1934,0,0,1,0.0,0,0,0.0
Zbynek Michalek,D,82,4,24,28,-20,34,23:39,3,11,144,2.8,2523,0,1,0,100.0,0,0,0.0
Joffrey Lupul,RW,81,16,12,28,-29,45,15:35,5,3,172,9.3,1538,1,5,9,35.7,2,0,0.0
Fernando Pisani,RW,77,14,14,28,-1,40,16:53,2,2,142,9.9,1757,0,8,12,40.0,3,1,33.3
Paul Ranger,D,72,4,24,28,5,42,20:18,0,5,90,4.4,1716,2,0,0,0.0,0,0,0.0
R.J. Umberger,LW,81,16,12,28,-32,41,14:32,2,1,134,11.9,1685,1,238,297,44.5,1,0,0.0
Joe Pavelski,C,46,14,14,28,4,18,15:01,5,6,111,12.6,871,3,189,200,48.6,3,3,100.0
Keith Ballard,D,69,5,22,27,-7,59,21:59,2,9,79,6.3,2110,0,0,0,0.0,0,0,0.0
Ryan Craig,C,72,14,13,27,-11,55,15:20,4,7,130,10.8,1412,2,44,66,40.0,1,0,0.0
Dan Fritsche,C,59,12,15,27,3,35,14:02,5,3,81,14.8,1195,4,146,150,49.3,0,0,0.0
Drew Stafford,RW,41,13,14,27,5,33,13:08,3,1,67,19.4,678,3,6,7,46.2,3,2,66.7
P.J. Axelsson,LW,55,11,16,27,-10,52,19:33,3,7,81,13.6,1402,0,13,25,34.2,2,0,0.0
Jay Pandolfo,LW,82,13,14,27,-5,8,18:36,0,0,109,11.9,2080,1,1,15,6.3,0,0,0.0
Chris Simon,LW,67,10,17,27,17,75,10:59,2,2,82,12.2,971,0,21,23,47.7,0,0,0.0
Cory Stillman,LW,43,5,22,27,-8,24,17:24,1,12,85,5.9,935,0,2,5,28.6,0,0,0.0
Denis Arkhipov,C,79,10,17,27,-13,54,15:42,2,4,112,8.9,1862,1,483,498,49.2,2,0,0.0
Barret Jackman,D,70,3,24,27,20,82,21:29,1,1,86,3.5,1941,1,0,0,0.0,0,0,0.0
Kris Beech,C,64,8,18,26,-11,46,12:21,3,8,77,10.4,1123,0,360,384,48.4,1,0,0.0
Eric Lindros,RW,49,5,21,26,-1,70,14:39,1,7,95,5.3,894,0,130,111,53.9,1,1,100.0
Samuel Pahlsson,C,82,8,18,26,-4,42,17:21,0,0,111,7.2,1952,1,802,721,52.7,1,0,0.0
Chris Phillips,D,82,8,18,26,36,80,22:21,0,0,94,8.5,2307,3,0,2,0.0,0,0,0.0
Karel Rachunek,D,66,6,20,26,-9,38,19:23,4,11,99,6.1,1704,1,0,0,0.0,0,0,0.0
Sergei Samsonov,LW,63,9,17,26,-4,10,13:58,0,4,114,7.9,1061,0,2,12,14.3,3,1,33.3
Richard Park,RW,82,10,16,26,4,33,11:35,0,0,93,10.8,1388,2,85,133,39.0,0,0,0.0
Vernon Fiddler,C,72,11,15,26,11,40,13:37,0,0,90,12.2,1492,1,351,329,51.6,0,0,0.0
Ian White,D,76,3,23,26,8,40,18:31,1,5,138,2.2,1887,1,0,0,0.0,0,0,0.0
Paul Martin,D,82,3,23,26,-9,18,25:13,1,5,84,3.6,2427,0,0,0,0.0,0,0,0.0
Marc-Edouard Vlasic,D,81,3,23,26,13,18,22:11,2,10,66,4.5,2349,0,0,0,0.0,0,0,0.0
Jiri Hudler,RW,76,15,10,25,16,36,10:02,3,2,107,14.0,1006,4,6,14,30.0,3,0,0.0
Antti Miettinen,RW,74,11,14,25,-5,38,14:19,6,2,141,7.8,1393,1,2,9,18.2,3,0,0.0
Brent Burns,D,77,7,18,25,16,26,15:47,3,4,108,6.5,1798,3,1,3,25.0,0,0,0.0
Dennis Wideman,D,75,6,19,25,-10,71,19:26,4,11,122,4.9,1806,1,0,1,0.0,1,0,0.0
Stu Barnes,C,82,13,12,25,-2,40,16:05,1,0,118,11.0,1751,2,357,377,48.6,2,1,50.0
Jeff Halpern,C,76,8,17,25,-7,78,16:47,1,3,106,7.5,1776,4,588,547,51.8,0,0,0.0
Sean Hill,D,81,1,24,25,6,110,22:26,0,12,88,1.1,2269,0,0,0,0.0,0,0,0.0
Sami Kapanen,RW,77,11,14,25,-21,22,16:57,1,1,129,8.5,1721,1,13,26,33.3,1,0,0.0
Trevor Linden,C,80,12,13,25,-6,34,12:20,5,2,92,13.0,1335,1,107,104,50.7,3,2,66.7
Manny Malhotra,C,82,9,16,25,-8,76,14:48,2,0,109,8.3,1796,3,621,506,55.1,2,1,50.0
Derek Morris,D,82,6,19,25,-18,115,20:29,2,10,129,4.7,2393,1,1,0,100.0,0,0,0.0
Juraj Kolnik,RW,64,11,14,25,2,18,12:05,0,2,113,9.7,1110,1,2,3,40.0,1,0,0.0
Bryan Allen,D,82,4,21,25,7,112,21:35,0,2,99,4.0,2270,0,0,1,0.0,0,0,0.0
Christoph Schubert,D,80,8,17,25,30,56,11:13,1,1,97,8.2,1256,1,0,1,0.0,0,0,0.0
Greg de Vries,D,82,3,21,24,-3,66,22:13,0,9,102,2.9,2400,0,0,0,0.0,0,0,0.0
Scott Hannan,D,79,4,20,24,1,38,22:49,0,5,79,5.1,2329,1,0,0,0.0,0,0,0.0
Jamie Heward,D,71,6,18,24,2,47,17:16,3,7,75,8.0,1669,1,0,0,0.0,0,0,0.0
Martin Lapointe,RW,82,13,11,24,-14,98,13:59,5,1,102,12.7,1700,2,180,161,52.8,0,0,0.0
Georges Laraque,RW,73,5,19,24,4,70,9:39,1,2,44,11.4,997,0,5,12,29.4,0,0,0.0
Craig Rivet,D,71,7,17,24,1,69,21:38,2,9,89,7.9,1948,0,0,0,0.0,0,0,0.0
Wes Walz,C,62,9,15,24,3,30,14:53,0,0,77,11.7,1533,1,371,415,47.2,1,0,0.0
Stephane Yelle,C,56,10,14,24,5,32,14:37,1,0,55,18.2,1226,1,407,401,50.4,0,0,0.0
Branko Radivojevic,RW,82,11,13,24,-9,21,12:58,4,4,116,9.5,1677,3,9,9,50.0,0,0,0.0
Nathan Paetsch,D,63,2,22,24,10,50,15:14,0,9,62,3.2,1178,0,0,0,0.0,0,0,0.0
Max Talbot,C,75,13,11,24,-2,53,13:53,0,1,88,14.8,1446,4,401,502,44.4,0,0,0.0
Brent Seabrook,D,81,4,20,24,-6,104,20:46,0,4,144,2.8,2165,0,1,1,50.0,0,0,0.0
Brandon Bochenski,RW,41,13,11,24,1,16,13:45,3,2,92,14.1,731,2,1,4,20.0,4,0,0.0
Ryan Suter,D,82,8,16,24,10,54,20:09,1,8,87,9.2,1984,0,0,0,0.0,0,0,0.0
Kurtis Foster,D,57,3,20,23,-3,52,17:58,0,13,135,2.2,1478,0,1,0,100.0,0,0,0.0
David Backes,RW,49,10,13,23,6,37,13:24,2,1,89,11.2,922,2,12,14,46.2,0,0,0.0
Arron Asham,RW,80,11,12,23,3,63,9:18,0,2,85,12.9,1055,2,6,4,60.0,0,0,0.0
Radek Bonk,C,74,13,10,23,0,54,15:52,1,1,111,11.7,1589,1,597,601,49.8,0,0,0.0
Jan Bulis,C,79,12,11,23,-8,70,14:22,1,2,122,9.8,1541,2,51,81,38.6,1,0,0.0
Anders Eriksson,D,79,0,23,23,12,46,20:12,0,8,78,0.0,2116,0,1,0,100.0,1,0,0.0
Paul Mara,D,78,5,18,23,-16,113,22:08,1,13,100,5.0,2215,0,0,0,0.0,0,0,0.0
Todd Marchant,C,56,8,15,23,7,44,15:10,0,0,115,7.0,1226,2,351,296,54.3,0,0,0.0
Nikita Alexeev,RW,78,12,11,23,7,12,13:46,2,2,117,10.3,1423,2,3,10,23.1,1,1,100.0
Mike Zigomanis,C,75,14,9,23,-8,46,14:52,2,1,142,9.9,1670,0,568,442,56.2,4,1,25.0
Kim Johnsson,D,76,3,19,22,-4,64,23:33,3,10,98,3.1,2441,0,0,0,0.0,0,0,0.0
Rostislav Klesla,D,75,9,13,22,-13,105,22:54,2,3,159,5.7,2377,0,0,0,0.0,0,0,0.0
Jamal Mayers,RW,80,8,14,22,-19,89,14:37,0,0,129,6.2,1730,0,248,184,57.4,0,0,0.0
Wayne Primeau,LW,78,10,12,22,-17,111,13:32,2,1,107,9.3,1556,3,421,430,49.5,0,0,0.0
Brad Stuart,D,75,7,15,22,-10,44,22:52,1,1,109,6.4,2152,2,0,0,0.0,0,0,0.0
Josef Vasicek,C,63,6,16,22,-5,51,13:23,0,3,77,7.8,1180,0,303,296,50.6,1,0,0.0
Niko Kapanen,C,79,6,16,22,-23,28,12:23,2,5,79,7.6,1343,1,436,370,54.1,1,0,0.0
Tom Kostopoulos,RW,76,7,15,22,-2,73,11:34,0,0,90,7.8,1286,0,18,44,29.0,1,0,0.0
Paul Gaustad,C,54,9,13,22,11,74,13:19,3,5,75,12.0,966,0,204,182,52.9,0,0,0.0
Patrick Rissmiller,LW,79,7,15,22,1,22,12:09,1,2,100,7.0,1358,0,9,16,36.0,0,0,0.0
Niklas Kronwall,D,68,1,21,22,0,54,20:39,1,5,104,1.0,1795,0,0,0,0.0,0,0,0.0
Randy Jones,D,66,4,18,22,-14,38,16:04,0,5,67,6.0,1354,0,0,1,0.0,0,0,0.0
Alexandre Picard,D,62,3,19,22,-19,17,18:28,1,6,56,5.4,1400,0,0,0,0.0,0,0,0.0
Brad Richardson,RW,73,14,8,22,4,28,13:10,0,0,129,10.9,1488,3,146,212,40.8,0,0,0.0
Travis Moen,LW,82,11,10,21,-4,101,14:48,0,0,124,8.9,1718,0,3,7,30.0,0,0,0.0
Andrew Ladd,LW,65,11,10,21,1,46,11:11,2,1,109,10.1,1035,3,0,1,0.0,0,0,0.0
Niclas Havelid,D,77,3,18,21,-2,52,25:15,1,7,82,3.7,2256,1,0,1,0.0,0,0,0.0
Pavel Kubina,D,61,7,14,21,7,48,21:18,4,4,97,7.2,1671,1,0,0,0.0,0,0,0.0
Marek Malik,D,69,2,19,21,32,70,19:16,0,1,57,3.5,1787,0,0,2,0.0,0,0,0.0
Robyn Regehr,D,78,2,19,21,27,75,21:54,0,5,66,3.0,2349,0,0,1,0.0,0,0,0.0
Steve Rucchin,LW,47,5,16,21,-4,14,18:20,1,3,56,8.9,1217,1,446,418,51.6,0,0,0.0
Jaroslav Spacek,D,65,5,16,21,20,62,19:09,1,8,78,6.4,1467,2,0,0,0.0,0,0,0.0
Darryl Sydor,D,74,5,16,21,-4,36,20:08,2,4,75,6.7,1883,1,0,0,0.0,0,0,0.0
Brian Willsie,RW,81,11,10,21,-20,49,13:23,2,2,131,8.4,1616,1,91,110,45.3,2,0,0.0
Mike York,LW,66,10,11,21,-18,22,12:29,2,1,87,11.5,1133,2,327,377,46.4,3,1,33.3
Richard Zednik,RW,42,7,14,21,-6,18,14:57,1,5,83,8.4,802,1,1,3,25.0,1,0,0.0
Mark Bell,LW,71,11,10,21,-9,83,12:57,3,4,116,9.5,1200,2,52,56,48.1,0,0,0.0
Dmitry Afanasenkov,RW,74,11,10,21,-25,20,10:31,0,0,96,11.5,1045,0,5,14,26.3,2,1,50.0
Curtis Brown,C,78,8,12,20,-2,56,13:10,0,1,84,9.5,1443,3,453,428,51.4,0,0,0.0
Ben Clymer,LW,66,7,13,20,-17,44,13:49,0,7,78,9.0,1231,0,1,6,14.3,1,0,0.0
Hal Gill,D,82,6,14,20,11,91,18:53,0,0,79,7.6,2094,1,0,1,0.0,0,0,0.0
Petteri Nummelin,D,51,3,17,20,-15,22,20:17,0,13,69,4.3,1401,0,0,0,0.0,7,6,85.7
Marty Reasoner,C,72,6,14,20,-15,60,13:52,0,0,84,7.1,1375,1,418,347,54.6,1,1,100.0
Dan Hamhuis,D,81,6,14,20,8,66,21:20,0,0,84,7.1,2118,1,0,1,0.0,0,0,0.0
Boyd Devereaux,C,33,8,11,19,4,12,15:16,0,1,57,14.0,694,0,11,31,26.2,0,0,0.0
Ken Klee,D,81,3,16,19,18,68,20:37,0,0,90,3.3,2575,0,0,0,0.0,0,0,0.0
Toni Lydman,D,67,2,17,19,10,55,20:35,0,2,44,4.5,1697,1,0,0,0.0,0,0,0.0
Jason Ward,C,70,8,11,19,-15,40,12:37,0,1,108,7.4,1270,1,87,127,40.7,2,0,0.0
Pascal Dupuis,RW,71,14,5,19,-17,42,15:32,2,1,156,9.0,1688,1,41,90,31.3,1,0,0.0
Travis Roche,D,50,6,13,19,2,22,17:01,2,7,32,18.8,1129,1,0,0,0.0,0,0,0.0
Anton Volchenkov,D,78,1,18,19,37,67,21:16,0,1,85,1.2,2060,0,0,0,0.0,0,0,0.0
Mike Komisarek,D,82,4,15,19,7,96,19:15,0,0,78,5.1,2075,1,0,0,0.0,0,0,0.0
Jiri Novotny,C,68,6,13,19,-4,28,12:56,0,0,79,7.6,1137,0,247,279,47.0,1,0,0.0
Chuck Kobasew,RW,50,5,14,19,1,62,14:20,2,6,93,5.4,958,1,9,23,28.1,1,0,0.0
Patrick O'Sullivan,C,44,5,14,19,-6,14,14:03,2,7,92,5.4,854,1,59,68,46.5,2,0,0.0
Jim Slater,C,74,5,14,19,8,62,10:13,0,1,90,5.6,1125,2,203,170,54.4,0,0,0.0
Loui Eriksson,LW,59,6,13,19,-3,18,13:10,2,3,78,7.7,1003,0,4,5,44.4,2,0,0.0
Gilbert Brule,C,78,9,10,19,-21,28,10:38,3,4,98,9.2,1135,0,123,145,45.9,1,0,0.0
Stephane Veilleux,LW,75,7,11,18,3,47,12:17,0,0,84,8.3,1568,1,7,25,21.9,0,0,0.0
Chad LaRose,RW,80,6,12,18,-2,10,10:12,0,0,94,6.4,1122,0,15,35,30.0,0,0,0.0
Brooks Laich,C,73,8,10,18,-2,29,13:34,2,1,119,6.7,1476,0,292,271,51.9,2,0,0.0
Brett Lebda,D,74,5,13,18,16,61,14:53,1,0,107,4.7,1502,2,0,0,0.0,0,0,0.0
David Moss,RW,41,10,8,18,5,12,11:12,3,1,70,14.3,686,1,4,7,36.4,0,0,0.0
Jaroslav Modry,D,76,1,17,18,11,54,18:51,0,7,89,1.1,1793,0,0,1,0.0,0,0,0.0
Marcel Hossa,F,64,10,8,18,-4,26,12:27,3,1,83,12.0,1148,2,3,15,16.7,4,3,75.0
Christian Backman,D,61,7,11,18,13,36,22:09,1,3,80,8.8,1690,0,0,0,0.0,0,0,0.0
Alexander Svitov,C,76,7,11,18,-10,145,13:46,1,3,83,8.4,1537,2,472,456,50.9,1,0,0.0
Fredrik Sjostrom,LW,78,9,9,18,-11,48,14:06,2,0,125,7.2,1620,1,2,13,13.3,0,0,0.0
Keith Carney,D,80,4,13,17,22,58,15:31,0,0,31,12.9,1894,1,2,0,100.0,0,0,0.0
Shean Donovan,RW,76,6,11,17,-13,56,14:09,0,0,108,5.6,1547,0,18,23,43.9,0,0,0.0
Kyle McLaren,D,67,5,12,17,10,61,21:25,1,1,43,11.6,2030,0,0,0,0.0,0,0,0.0
Mark Mowers,RW,78,5,12,17,-10,26,12:00,0,1,60,8.3,1399,0,267,326,45.0,0,0,0.0
Sean O'Donnell,D,79,2,15,17,9,92,19:55,0,0,47,4.3,1916,1,0,1,0.0,0,0,0.0
Stephane Robidas,D,75,0,17,17,-1,86,18:04,0,11,106,0.0,1670,0,0,0,0.0,0,0,0.0
Steve Staios,D,58,2,15,17,-5,97,21:22,0,2,71,2.8,1496,0,0,0,0.0,0,0,0.0
David Tanabe,D,60,5,12,17,5,44,17:48,2,4,83,6.0,1409,0,0,0,0.0,0,0,0.0
Brian Sutherby,C,69,7,10,17,-9,78,13:41,1,0,87,8.0,1434,0,382,380,50.1,0,0,0.0
Radek Martinek,D,43,2,15,17,19,40,19:53,0,4,44,4.5,1080,0,1,0,100.0,0,0,0.0
Adam Hall,RW,72,6,11,17,-11,26,12:22,3,3,103,5.8,1400,0,35,35,50.0,2,0,0.0
Carlo Colaiacovo,D,48,8,9,17,5,22,17:56,0,5,60,13.3,1172,1,0,0,0.0,0,0,0.0
Steve Eminger,D,68,1,16,17,-14,63,18:57,0,0,27,3.7,1784,0,1,0,100.0,0,0,0.0
Tony Salmelainen,RW,57,6,11,17,-3,26,9:52,0,1,54,11.1,832,1,0,1,0.0,1,0,0.0
Dominic Moore,C,69,8,9,17,4,56,12:38,0,0,111,7.2,1267,1,391,353,52.6,0,0,0.0
Rene Bourque,RW,44,7,10,17,-4,38,16:01,2,2,82,8.5,969,1,2,7,22.2,1,0,0.0
Valtteri Filppula,C,73,10,7,17,8,20,11:14,0,0,76,13.2,1134,1,149,118,55.8,2,0,0.0
Scottie Upshall,RW,32,8,8,16,3,26,14:42,1,2,87,9.2,636,4,8,10,44.4,1,0,0.0
Ryan Kesler,C,48,6,10,16,1,40,16:25,0,0,88,6.8,1086,0,318,372,46.1,3,2,66.7
Shane O'Brien,D,80,2,14,16,-3,176,14:58,1,3,72,2.8,1540,2,0,0,0.0,0,0,0.0
Patrick Thoresen,C,68,4,12,16,-1,52,11:25,0,2,73,5.5,1031,2,42,40,51.2,1,0,0.0
Adrian Aucoin,D,59,4,12,16,-22,50,20:50,2,6,96,4.2,1519,3,0,0,0.0,0,0,0.0
Danny Markov,D,66,4,12,16,25,59,18:52,0,0,66,6.1,1607,0,0,0,0.0,0,0,0.0
Steve McCarthy,D,46,4,12,16,4,24,15:17,3,8,51,7.8,837,0,0,0,0.0,0,0,0.0
Rob Niedermayer,C,82,5,11,16,-8,77,16:38,0,0,106,4.7,1914,0,31,45,40.8,2,0,0.0
Jarkko Ruutu,LW,81,7,9,16,0,125,9:19,0,0,63,11.1,1070,2,3,0,100.0,2,1,50.0
Andy Sutton,D,55,2,14,16,6,76,19:27,0,1,51,3.9,1403,0,0,0,0.0,0,0,0.0
Aaron Ward,D,80,4,12,16,-11,75,20:09,0,0,62,6.5,2058,0,0,0,0.0,0,0,0.0
Lukas Krajicek,D,78,3,13,16,-4,64,18:30,1,4,105,2.9,1965,2,0,0,0.0,0,0,0.0
Nils Ekman,LW,34,6,9,15,-14,24,13:48,2,4,69,8.7,622,0,0,6,0.0,1,0,0.0
Marcus Nilson,RW,63,5,10,15,7,27,13:06,0,0,69,7.2,1193,1,38,81,31.9,0,0,0.0
Michael Peca,C,35,4,11,15,2,60,17:24,0,0,42,9.5,855,2,307,308,49.9,0,0,0.0
Cory Sarich,D,82,0,15,15,-6,70,18:06,0,0,64,0.0,1876,0,0,1,0.0,0,0,0.0
Martin Skoula,D,81,0,15,15,9,36,20:13,0,1,91,0.0,2282,0,0,0,0.0,0,0,0.0
Toby Petersen,C,64,6,9,15,-18,4,13:40,0,1,92,6.5,1152,1,103,111,48.1,0,0,0.0
Daniel Tjarnqvist,D,37,3,12,15,3,30,22:41,2,4,33,9.1,997,0,0,0,0.0,0,0,0.0
Alexander Perezhogin,RW,61,6,9,15,11,48,11:51,1,0,103,5.8,942,1,0,7,0.0,2,0,0.0
Mark Giordano,D,48,7,8,15,7,36,13:26,3,2,49,14.3,974,2,0,0,0.0,0,0,0.0
Andrew Ference,D,80,3,12,15,5,97,19:44,1,4,80,3.8,2135,0,1,2,33.3,0,0,0.0
Fedor Tyutin,D,66,2,12,14,-8,44,20:00,1,1,75,2.7,1725,0,0,1,0.0,0,0,0.0
Andrew Hutchinson,D,41,3,11,14,0,30,12:13,2,6,45,6.7,630,0,0,0,0.0,0,0,0.0
Lasse Kukkonen,D,74,5,9,14,4,38,17:06,1,1,54,9.3,1677,2,0,0,0.0,0,0,0.0
Chris Campoli,D,51,1,13,14,-3,23,14:49,0,4,41,2.4,1024,0,0,0,0.0,0,0,0.0
Bill Thomas,RW,24,8,6,14,-6,2,13:29,4,3,60,13.3,454,1,0,0,0.0,0,0,0.0
Craig Adams,RW,82,7,7,14,-9,54,10:04,0,0,71,9.9,1155,1,11,25,30.6,0,0,0.0
Peter Bondra,RW,37,5,9,14,2,26,12:01,2,1,46,10.9,645,3,0,1,0.0,0,0,0.0
Francis Bouillon,D,62,3,11,14,-10,52,18:18,1,1,56,5.4,1531,1,0,0,0.0,0,0,0.0
Todd Fedoruk,LW,58,3,11,14,-9,120,8:46,0,0,30,10.0,724,0,0,3,0.0,0,0,0.0
Byron Ritchie,C,64,8,6,14,3,68,9:46,0,0,46,17.4,927,0,141,141,50.0,3,2,66.7
Brendan Witt,D,81,1,13,14,14,131,21:32,0,0,75,1.3,2194,0,0,0,0.0,0,0,0.0
Petr Tenkrat,RW,64,9,5,14,-16,34,12:30,2,1,82,11.0,1041,1,5,10,33.3,3,2,66.7
Henrik Tallinder,D,47,4,10,14,19,34,21:07,0,0,34,11.8,1208,0,0,1,0.0,0,0,0.0
Anton Babchuk,D,52,2,12,14,-6,30,17:25,0,3,63,3.2,1202,2,0,0,0.0,0,0,0.0
Matt Bradley,RW,57,4,9,13,-5,47,11:55,0,0,77,5.2,1004,0,9,11,45.0,1,0,0.0
Donald Brashear,LW,77,4,9,13,1,156,7:55,0,1,47,8.5,865,0,2,6,25.0,1,0,0.0
Brad Larsen,LW,72,7,6,13,-11,39,12:22,0,0,61,11.5,1417,0,32,50,39.0,0,0,0.0
Mark Smith,C,41,3,10,13,-4,42,10:24,2,2,38,7.9,594,0,47,32,59.5,0,0,0.0
Scott Thornton,LW,58,7,6,13,-15,85,12:11,0,1,65,10.8,1065,0,84,61,57.9,0,0,0.0
Vitaly Vishnevski,D,67,3,10,13,-4,41,17:12,0,0,47,6.4,1540,0,0,0,0.0,0,0,0.0
Glen Wesley,D,68,1,12,13,11,56,15:34,0,1,51,2.0,1592,1,0,0,0.0,0,0,0.0
J.P. Vigier,RW,72,5,8,13,0,27,10:59,0,0,83,6.0,1215,0,10,22,31.3,0,0,0.0
Scott Nichol,C,59,7,6,13,7,79,12:32,1,1,58,12.1,1133,2,361,262,57.9,0,0,0.0
Blair Betts,C,82,9,4,13,-4,24,14:01,1,0,120,7.5,1784,0,620,566,52.3,1,0,0.0
Jamie Lundmark,C,68,7,6,13,-12,56,11:47,0,2,81,8.6,1186,0,324,319,50.4,3,2,66.7
Shaone Morrisonn,D,78,3,10,13,3,106,20:54,0,0,46,6.5,2241,0,0,2,0.0,0,0,0.0
Stanislav Chistov,LW,61,5,8,13,-8,36,8:30,1,0,49,10.2,734,1,10,24,29.4,0,0,0.0
Marcel Goc,C,78,5,8,13,-2,24,12:00,0,0,96,5.2,1360,0,364,295,55.2,0,0,0.0
Michael Holmqvist,C,63,6,7,13,-5,31,13:46,1,0,80,7.5,1353,0,72,89,44.7,3,0,0.0
Mathias Tjarnqvist,RW,44,6,7,13,-5,6,12:32,0,0,44,13.6,798,0,9,9,50.0,0,0,0.0
Stefan Ruzicka,RW,40,3,10,13,-6,18,12:42,1,3,75,4.0,687,0,0,3,0.0,1,0,0.0
Trevor Daley,D,74,4,8,12,2,63,19:22,0,2,68,5.9,1781,1,0,0,0.0,0,0,0.0
Milan Jurcina,D,70,4,8,12,0,44,16:06,0,1,71,5.6,1497,1,0,0,0.0,0,0,0.0
Maxim Lapierre,C,46,6,6,12,-7,24,11:25,0,0,82,7.3,700,2,192,233,45.2,0,0,0.0
Mike Green,D,70,2,10,12,-10,36,15:23,0,6,68,2.9,1372,0,0,1,0.0,1,0,0.0
Ryan Potulny,C,35,7,5,12,1,22,10:59,0,1,56,12.5,543,2,121,157,43.5,0,0,0.0
Kevyn Adams,C,68,3,9,12,-20,25,10:55,0,1,87,3.4,1048,0,141,171,45.2,1,0,0.0
Jeff Cowan,RW,63,7,5,12,3,125,8:02,0,0,74,9.5,751,0,0,1,0.0,0,0,0.0
Dallas Drake,LW,60,6,6,12,-14,38,12:53,0,0,74,8.1,1254,2,107,95,53.0,0,0,0.0
Adam Foote,D,59,3,9,12,-17,71,24:44,2,5,78,3.8,1832,0,0,0,0.0,0,0,0.0
Jeff Friesen,LW,72,6,6,12,-2,34,12:10,0,1,55,10.9,1369,0,8,13,38.1,1,0,0.0
Shane Hnidy,D,72,5,7,12,15,63,15:37,0,0,86,5.8,1460,1,0,0,0.0,0,0,0.0
Ric Jackman,D,31,2,10,12,0,20,13:41,1,5,36,5.6,597,1,0,0,0.0,0,0,0.0
Brad Lukowich,D,75,4,8,12,1,36,20:12,0,1,50,8.0,1866,2,0,0,0.0,0,0,0.0
Josef Melichar,D,70,1,11,12,1,44,18:49,0,1,57,1.8,1744,0,0,0,0.0,0,0,0.0
Petr Nedved,C,40,2,10,12,-25,28,14:47,1,4,39,5.1,800,0,266,248,51.8,2,0,0.0
Mark Rycroft,LW,66,6,6,12,3,31,9:25,0,0,74,8.1,1038,2,18,18,50.0,0,0,0.0
Nick Schultz,D,82,2,10,12,0,42,20:12,0,0,69,2.9,2409,1,0,0,0.0,0,0,0.0
Jerred Smithson,C,64,5,7,12,-8,42,11:02,1,0,47,10.6,1130,2,237,183,56.4,0,0,0.0
Todd Bertuzzi,RW,15,3,8,11,-1,19,15:59,1,4,23,13.0,311,0,1,1,50.0,4,0,0.0
Nick Boynton,D,59,2,9,11,-13,138,16:47,1,0,53,3.8,1466,0,0,1,0.0,0,0,0.0
Patrice Brisebois,D,33,1,10,11,-5,22,19:22,1,4,36,2.8,911,0,0,0,0.0,0,0,0.0
Chris Chelios,D,71,0,11,11,11,34,18:07,0,0,72,0.0,1575,0,0,1,0.0,0,0,0.0
Ryan Johnson,C,59,7,4,11,-7,47,12:20,0,0,50,14.0,1141,0,291,234,55.4,0,0,0.0
Adam Mair,C,82,2,9,11,-1,128,7:33,0,0,73,2.7,846,0,60,70,46.2,0,0,0.0
Kirk Maltby,LW,82,6,5,11,-9,50,13:10,0,0,113,5.3,1633,0,4,10,28.6,0,0,0.0
Willie Mitchell,D,62,1,10,11,1,45,22:12,0,0,54,1.9,1740,0,0,0,0.0,0,0,0.0
Mattias Norstrom,D,76,2,9,11,-18,48,20:33,0,0,60,3.3,2099,0,1,3,25.0,0,0,0.0
Karlis Skrastins,D,68,0,11,11,0,30,21:13,0,0,65,0.0,2069,0,0,0,0.0,0,0,0.0
Jason Smith,D,82,2,9,11,-13,103,21:08,0,0,61,3.3,2185,1,0,1,0.0,0,0,0.0
Patrik Stefan,C,41,5,6,11,5,10,12:12,0,0,41,12.2,728,1,105,113,48.2,1,0,0.0
Ben Eager,LW,63,6,5,11,-13,233,8:14,0,0,48,12.5,772,0,1,0,100.0,0,0,0.0
Daniel Paille,LW,29,3,8,11,5,18,12:47,0,0,45,6.7,484,0,2,4,33.3,0,0,0.0
Doug Janik,D,75,2,9,11,-11,53,14:28,0,0,49,4.1,1358,0,0,0,0.0,0,0,0.0
Rob Scuderi,D,78,1,10,11,3,28,18:48,0,0,31,3.2,1972,0,0,0,0.0,0,0,0.0
Jed Ortmeyer,RW,41,2,9,11,7,22,12:35,0,0,67,3.0,765,0,1,7,12.5,0,0,0.0
Marc-Antoine Pouliot,C,46,4,7,11,-2,18,13:02,0,1,73,5.5,805,0,172,181,48.7,0,0,0.0
Braydon Coburn,D,49,3,8,11,-1,46,15:28,1,3,54,5.6,980,0,0,0,0.0,0,0,0.0
Andrei Kostitsyn,LW,22,1,10,11,3,6,13:17,0,1,38,2.6,362,0,0,1,0.0,2,1,50.0
Ben Guite,RW,39,3,8,11,-4,16,12:16,0,0,63,4.8,765,1,192,196,49.5,0,0,0.0
Johnny Oduya,D,76,2,9,11,-5,61,18:30,0,2,55,3.6,1841,0,0,0,0.0,0,0,0.0
Ryan Shannon,C,53,2,9,11,-2,10,10:38,0,0,77,2.6,815,0,13,12,52.0,5,1,20.0
Garnet Exelby,D,58,2,8,10,2,56,17:59,0,0,57,3.5,1445,0,0,0,0.0,0,0,0.0
Jakub Klepis,C,41,3,7,10,-2,28,9:57,0,3,38,7.9,584,0,76,108,41.3,0,0,0.0
James Wisniewski,D,50,2,8,10,3,39,18:59,0,1,55,3.6,1237,0,0,1,0.0,0,0,0.0
Andrew Alberts,D,76,0,10,10,-15,124,19:40,0,1,41,0.0,1914,0,0,1,0.0,0,0,0.0
Matt Greene,D,78,1,9,10,-22,109,17:36,0,1,52,1.9,1740,0,0,0,0.0,0,0,0.0
Ladislav Smid,D,77,3,7,10,-16,37,19:14,0,1,53,5.7,1839,0,0,0,0.0,0,0,0.0
David Booth,LW,48,3,7,10,0,12,9:33,0,0,86,3.5,667,1,4,7,36.4,0,0,0.0
Patrick Fischer,RW,27,4,6,10,0,24,10:51,0,0,32,12.5,416,1,27,40,40.3,1,0,0.0
Aaron Johnson,D,61,3,7,10,-9,38,12:43,0,1,52,5.8,1147,0,0,0,0.0,0,0,0.0
Shawn Bates,C,48,4,6,10,13,34,12:31,0,0,50,8.0,878,0,242,213,53.2,1,0,0.0
Steve Begin,LW,52,5,5,10,-6,46,11:54,0,0,64,7.8,885,0,79,80,49.7,0,0,0.0
Bret Hedican,D,50,0,10,10,-8,36,19:58,0,4,44,0.0,1346,0,0,0,0.0,0,0,0.0
Dan Hinote,RW,41,5,5,10,-8,23,13:03,0,0,37,13.5,904,1,85,88,49.1,0,0,0.0
Erik Rasmussen,C,71,3,7,10,-2,25,9:27,0,0,80,3.8,940,0,25,27,48.1,0,0,0.0
Niclas Wallin,D,67,2,8,10,-2,48,18:32,0,0,76,2.6,1728,0,0,0,0.0,0,0,0.0
Rhett Warrener,D,62,4,6,10,6,67,17:07,1,0,31,12.9,1549,1,0,0,0.0,0,0,0.0
Joel Kwiatkowski,D,42,5,5,10,-6,20,9:48,1,2,46,10.9,584,2,1,0,100.0,1,0,0.0
Duvie Westcott,D,23,4,6,10,-13,18,22:08,2,4,34,11.8,656,1,0,0,0.0,0,0,0.0
Kevin Dallman,D,53,1,9,10,-13,12,12:48,0,3,76,1.3,926,0,4,16,20.0,0,0,0.0
Derian Hatcher,D,82,3,6,9,-24,67,23:39,3,1,81,3.7,2142,1,0,0,0.0,0,0,0.0
Andreas Karlsson,C,53,3,6,9,-4,12,8:24,0,1,25,12.0,635,1,129,157,45.1,0,0,0.0
Steve Montador,D,72,1,8,9,1,119,13:08,0,1,88,1.1,1242,0,0,0,0.0,2,1,50.0
Mike Weaver,D,39,3,6,9,-4,16,15:19,1,0,22,13.6,842,1,2,1,66.7,0,0,0.0
Mike Rupp,C,76,6,3,9,-10,92,6:26,0,1,60,10.0,708,1,15,18,45.5,0,0,0.0
Shawn Thornton,LW,48,2,7,9,3,88,8:26,0,1,60,3.3,621,0,2,6,25.0,0,0,0.0
Jordin Tootoo,RW,65,3,6,9,-11,116,8:24,0,0,77,3.9,841,0,4,8,33.3,0,0,0.0
Gregory Campbell,C,79,6,3,9,-10,66,10:33,0,0,103,5.8,1231,0,266,322,45.2,0,0,0.0
Brad Winchester,LW,59,4,5,9,-10,86,8:04,0,0,66,6.1,671,0,1,2,33.3,0,0,0.0
Jeff Tambellini,LW,23,2,7,9,6,6,7:08,0,0,20,10.0,226,0,0,1,0.0,1,0,0.0
Alex Burrows,RW,81,3,6,9,-7,93,11:26,0,1,70,4.3,1367,1,7,9,43.8,0,0,0.0
Geoff Platt,C,26,4,5,9,1,10,10:03,0,1,40,10.0,386,0,95,73,56.5,1,0,0.0
Jan Hejda,D,39,1,8,9,-6,20,20:23,0,0,33,3.0,1018,1,0,0,0.0,0,0,0.0
Nick Tarnasky,LW,77,5,4,9,-6,80,6:29,0,0,41,12.2,735,1,4,9,30.8,1,1,100.0
Dennis Seidenberg,D,52,2,6,8,-16,18,16:10,0,0,83,2.4,1150,0,0,0,0.0,0,0,0.0
Lawrence Nycholat,D,19,2,6,8,-3,12,20:07,0,2,25,8.0,512,0,0,0,0.0,0,0,0.0
Freddy Meyer,D,60,2,6,8,-4,38,17:20,1,3,41,4.9,1407,0,0,0,0.0,1,0,0.0
Greg Zanon,D,66,3,5,8,16,32,17:19,0,0,43,7.0,1429,0,0,0,0.0,0,0,0.0
Tomas Fleischmann,LW,29,4,4,8,-6,8,11:36,1,0,52,7.7,462,1,5,9,35.7,1,0,0.0
Thomas Pock,D,44,4,4,8,-4,16,16:13,0,2,76,5.3,993,0,0,0,0.0,0,0,0.0
Raitis Ivanans,LW,66,4,4,8,-12,140,6:58,0,0,37,10.8,730,0,0,1,0.0,0,0,0.0
Cam Barker,D,35,1,7,8,-12,44,19:19,1,5,38,2.6,886,0,0,0,0.0,0,0,0.0
Mathieu Dandenault,D,68,2,6,8,-8,40,16:06,0,0,54,3.7,1508,0,0,3,0.0,0,0,0.0
Jim Dowd,C,66,4,4,8,-5,20,8:17,0,0,44,9.1,804,1,142,132,51.8,0,0,0.0
Denis Hamel,LW,53,5,3,8,0,10,6:04,0,0,42,11.9,466,0,3,8,27.3,0,0,0.0
Michal Handzus,C,8,3,5,8,4,6,20:59,1,3,9,33.3,222,0,89,84,51.4,0,0,0.0
Frantisek Kaberle,D,27,2,6,8,8,20,15:31,1,2,33,6.1,563,1,0,0,0.0,0,0,0.0
Trevor Letowski,RW,61,2,6,8,-8,18,9:41,0,1,69,2.9,866,0,101,107,48.6,0,0,0.0
Aaron Miller,D,82,0,8,8,-14,60,19:36,0,0,56,0.0,2085,0,0,1,0.0,0,0,0.0
Joe Nieuwendyk,C,15,5,3,8,-4,4,13:23,2,2,30,16.7,287,2,111,96,53.6,2,0,0.0
Nolan Pratt,D,81,1,7,8,0,44,15:47,0,0,30,3.3,1647,0,0,1,0.0,0,0,0.0
Dave Scatchard,C,46,3,5,8,-18,72,13:30,0,0,77,3.9,916,1,202,183,52.5,0,0,0.0
Ossi Vaananen,D,74,2,6,8,6,69,14:19,0,0,32,6.3,1624,1,0,0,0.0,0,0,0.0
Colin White,D,69,0,8,8,-8,69,22:27,0,0,47,0.0,1955,0,0,0,0.0,0,0,0.0
Jason York,D,49,1,7,8,-14,32,13:04,0,0,27,3.7,867,0,0,0,0.0,0,0,0.0
Joe DiPenta,D,76,2,6,8,1,48,12:09,0,0,33,6.1,1278,1,0,1,0.0,0,0,0.0
Matthew Barnaby,RW,39,1,6,7,5,127,8:07,0,0,22,4.5,453,0,0,1,0.0,0,0,0.0
Eric Boulton,LW,45,3,4,7,2,49,6:15,0,0,42,7.1,431,0,1,1,50.0,0,0,0.0
Jassen Cullimore,D,65,1,6,7,-6,64,16:16,0,0,17,5.9,1383,0,0,0,0.0,0,0,0.0
Rory Fitzpatrick,D,58,1,6,7,12,46,14:05,0,0,41,2.4,1200,1,1,0,100.0,0,0,0.0
Josh Green,C,57,2,5,7,0,25,11:24,0,0,74,2.7,995,2,108,158,40.6,3,1,33.3
John LeClair,LW,21,2,5,7,-2,12,11:51,1,0,27,7.4,338,0,0,0,0.0,0,0,0.0
Bryan Muir,D,26,3,4,7,3,42,14:31,0,2,28,10.7,516,1,0,0,0.0,0,0,0.0
Bryce Salvador,D,64,2,5,7,-5,55,19:43,0,0,40,5.0,1643,0,0,0,0.0,0,0,0.0
Pierre Turgeon,C,17,4,3,7,-1,10,10:10,1,2,31,12.9,270,0,20,34,37.0,0,0,0.0
John Erskine,D,29,1,6,7,-13,69,18:02,0,1,14,7.1,722,0,0,0,0.0,0,0,0.0
Jim Vandermeer,D,46,1,6,7,-3,53,17:49,0,1,50,2.0,1010,0,0,0,0.0,0,0,0.0
Jeff Woywitka,D,34,1,6,7,4,12,14:45,0,0,28,3.6,657,0,0,0,0.0,0,0,0.0
Brendan Bell,D,45,1,6,7,-11,27,13:41,1,1,47,2.1,860,0,0,1,0.0,0,0,0.0
Daniel Carcillo,LW,18,4,3,7,-7,74,14:56,3,0,32,12.5,363,0,0,0,0.0,1,0,0.0
Matt Jones,D,45,1,6,7,-12,39,16:22,0,0,20,5.0,1047,0,0,0,0.0,0,0,0.0
Clarke MacArthur,LW,19,3,4,7,4,4,8:53,0,0,16,18.8,231,0,23,27,46.0,1,0,0.0
Kurt Sauer,D,48,0,6,6,-3,24,18:19,0,0,29,0.0,1372,0,0,0,0.0,0,0,0.0
Tommi Santala,C,30,1,5,6,0,24,7:22,0,0,20,5.0,331,0,79,60,56.8,0,0,0.0
Bruno Gervais,D,51,0,6,6,-10,28,15:22,0,3,47,0.0,989,0,0,0,0.0,0,0,0.0
Jarkko A. Immonen,C,14,1,5,6,-2,4,10:22,0,2,14,7.1,208,1,61,47,56.5,0,0,0.0
Tom Gilbert,D,12,1,5,6,-1,0,20:05,0,1,13,7.7,261,0,0,0,0.0,0,0,0.0
Andy Greene,D,23,1,5,6,-1,6,14:15,1,1,23,4.3,408,0,0,0,0.0,0,0,0.0
Ryan Callahan,RW,14,4,2,6,5,9,10:30,0,0,40,10.0,207,1,2,1,66.7,0,0,0.0
Joel Lundqvist,F,36,3,3,6,-5,14,11:20,0,0,36,8.3,539,0,58,34,63.0,0,0,0.0
Dan Girardi,D,34,0,6,6,7,8,15:49,0,0,33,0.0,778,0,0,0,0.0,0,0,0.0
Jason Krog,C,23,3,3,6,5,10,12:23,0,0,22,13.6,387,1,128,103,55.4,0,0,0.0
Ronald Petrovicky,RW,31,3,3,6,4,28,8:20,0,0,27,11.1,374,1,2,2,50.0,0,0,0.0
Wyatt Smith,F,61,3,3,6,-8,16,9:30,1,0,44,6.8,949,0,221,287,43.5,0,0,0.0
Tim Taylor,C,71,1,5,6,-5,16,7:55,0,0,59,1.7,925,1,225,175,56.3,0,0,0.0
Andrei Zyuzin,D,49,1,5,6,-2,30,13:49,0,0,36,2.8,993,0,0,0,0.0,0,0,0.0
Brooks Orpik,D,70,0,6,6,4,82,16:36,0,2,59,0.0,1554,0,0,0,0.0,0,0,0.0
Jeff Taffe,F,17,4,2,6,-7,2,14:11,1,2,34,11.8,327,0,25,39,39.1,1,0,0.0
Tim Gleason,D,57,2,4,6,-10,57,18:52,1,1,72,2.8,1433,0,0,0,0.0,0,0,0.0
Brad Isbister,LW,19,1,4,5,5,14,13:36,1,0,36,2.8,364,0,4,8,33.3,0,0,0.0
Andreas Lilja,D,57,0,5,5,6,54,15:24,0,0,37,0.0,1175,0,0,1,0.0,0,0,0.0
Matt Walker,D,48,0,5,5,7,72,15:15,0,0,34,0.0,1008,0,0,0,0.0,0,0,0.0
Craig MacDonald,C,25,3,2,5,-2,14,11:12,0,0,30,10.0,423,0,85,93,47.8,0,0,0.0
Karl Stewart,LW,47,2,3,5,-5,47,8:39,0,0,21,9.5,639,0,2,1,66.7,0,0,0.0
Krystofer Barch,RW,26,3,2,5,2,107,5:38,0,0,12,25.0,220,2,0,1,0.0,0,0,0.0
Ramzi Abid,LW,13,1,4,5,-3,13,10:50,0,0,12,8.3,194,0,0,1,0.0,0,0,0.0
Jordan Leopold,D,15,2,3,5,-4,14,19:47,1,0,19,10.5,443,0,0,0,0.0,0,0,0.0
Alexei Semenov,D,23,0,5,5,9,28,12:22,0,1,23,0.0,390,0,0,1,0.0,0,0,0.0
Alain Nasreddine,D,44,1,4,5,12,18,15:46,0,0,29,3.4,996,0,0,0,0.0,0,0,0.0
Michael Ryan,C,19,3,2,5,-8,2,13:39,0,0,34,8.8,336,0,0,2,0.0,0,0,0.0
Chris Thorburn,RW,39,3,2,5,1,69,7:53,0,0,40,7.5,446,1,2,6,25.0,0,0,0.0
Jeff Finger,D,22,1,4,5,10,11,13:47,0,0,16,6.3,492,0,0,0,0.0,0,0,0.0
Ole-Kristian Tollefsen,D,70,2,3,5,2,123,14:13,1,0,39,5.1,1475,0,0,0,0.0,0,0,0.0
Petr Kalus,RW,9,4,1,5,0,6,11:16,1,0,8,50.0,131,0,0,0,0.0,0,0,0.0
Kris Newbury,C,15,2,2,4,4,26,7:41,0,0,30,6.7,182,0,9,11,45.0,0,0,0.0
Steve Ott,C,19,0,4,4,-4,35,9:11,0,1,17,0.0,251,0,23,16,59.0,0,0,0.0
Peter Sejna,LW,22,3,1,4,2,4,10:00,0,0,34,8.8,321,0,3,1,75.0,1,0,0.0
Josh Gorges,D,54,1,3,4,-4,26,17:06,0,2,40,2.5,1330,0,0,0,0.0,0,0,0.0
Marc Methot,D,20,0,4,4,5,12,14:37,0,0,11,0.0,419,0,0,0,0.0,0,0,0.0
Konstantin Pushkarev,F,16,2,2,4,-2,8,9:10,0,0,10,20.0,223,0,0,1,0.0,0,0,0.0
David Clarkson,RW,7,3,1,4,-1,6,17:01,2,0,18,16.7,146,1,0,1,0.0,0,0,0.0
Martin St. Pierre,C,14,1,3,4,-3,8,12:29,1,0,13,7.7,232,0,62,67,48.1,1,0,0.0
Dustin Boyd,C,13,2,2,4,5,4,10:08,0,0,8,25.0,200,1,8,8,50.0,1,0,0.0
Jussi Timonen,D,14,0,4,4,-10,6,14:11,0,0,8,0.0,273,0,0,0,0.0,0,0,0.0
Denis Gauthier,D,43,0,4,4,-11,45,16:38,0,0,23,0.0,915,0,0,0,0.0,0,0,0.0
Darius Kasparaitis,D,24,2,2,4,-1,30,14:51,0,0,9,22.2,541,0,0,0,0.0,0,0,0.0
Antti Laaksonen,LW,41,3,1,4,-3,16,10:40,0,0,43,7.0,692,0,1,12,7.7,0,0,0.0
Brad May,LW,24,0,4,4,-1,21,9:49,0,0,22,0.0,349,0,0,0,0.0,0,0,0.0
Jamie Rivers,D,31,1,3,4,-7,36,14:11,1,0,17,5.9,651,0,0,0,0.0,0,0,0.0
Oleg Tverdovsky,D,26,0,4,4,-10,10,11:50,0,2,26,0.0,459,0,0,0,0.0,0,0,0.0
Marc Chouinard,C,42,2,2,4,-2,10,9:26,1,0,15,13.3,631,0,191,201,48.7,0,0,0.0
Darcy Hordichuk,LW,53,1,3,4,-2,90,4:48,0,0,22,4.5,420,0,0,0,0.0,0,0,0.0
Alexandre Giroux,LW,9,2,2,4,-4,2,10:00,0,1,11,18.2,127,0,1,1,50.0,0,0,0.0
Nolan Baumgartner,D,13,0,3,3,0,21,13:30,0,1,8,0.0,230,0,0,0,0.0,0,0,0.0
Wade Belak,RW,65,0,3,3,-8,110,5:01,0,0,16,0.0,526,0,0,0,0.0,0,0,0.0
Bryan Berard,D,11,0,3,3,-4,8,18:57,0,1,22,0.0,268,0,0,0,0.0,0,0,0.0
Mark Eaton,D,35,0,3,3,-6,16,19:12,0,0,22,0.0,889,0,0,0,0.0,0,0,0.0
Jon Klemm,D,38,1,2,3,0,24,13:03,0,0,25,4.0,690,0,0,0,0.0,0,0,0.0
Branislav Mezei,D,45,0,3,3,5,55,15:57,0,0,24,0.0,1009,0,1,0,100.0,0,0,0.0
Janne Niinimaa,D,41,0,3,3,-13,36,14:50,0,0,29,0.0,796,0,0,0,0.0,0,0,0.0
Sandis Ozolinsh,D,21,0,3,3,-8,8,18:51,0,1,15,0.0,509,0,0,0,0.0,0,0,0.0
Luke Richardson,D,27,0,3,3,3,16,7:07,0,0,3,0.0,278,0,0,0,0.0,0,0,0.0
Andre Roy,RW,56,1,2,3,-4,128,4:27,0,0,15,6.7,381,0,0,3,0.0,0,0,0.0
Yannick Tremblay,D,12,1,2,3,-6,12,12:43,1,2,30,3.3,199,0,0,0,0.0,0,0,0.0
Eric Meloche,RW,13,1,2,3,-6,4,8:20,1,0,12,8.3,159,0,13,15,46.4,0,0,0.0
Mark Hartigan,C,12,1,2,3,1,6,10:46,1,2,15,6.7,169,0,44,62,41.5,0,0,0.0
Kent Huskins,D,33,0,3,3,-3,14,14:04,0,1,16,0.0,624,0,0,0,0.0,0,0,0.0
Colton Orr,RW,53,2,1,3,-2,126,5:11,0,0,23,8.7,441,1,0,0,0.0,0,0,0.0
Yanick Lehoux,F,7,1,2,3,-1,4,12:32,1,1,10,10.0,120,0,6,4,60.0,0,0,0.0
Bobby Allen,D,31,0,3,3,-1,10,13:02,0,0,14,0.0,572,0,0,0,0.0,0,0,0.0
Garth Murray,C,43,2,1,3,-10,32,8:22,0,0,28,7.1,517,0,45,62,42.1,0,0,0.0
Joel Perrault,C,26,1,2,3,-7,14,10:08,0,0,31,3.2,368,0,54,75,41.9,0,0,0.0
Janis Sprukts,C,13,1,2,3,1,2,6:19,0,1,10,10.0,114,0,27,34,44.3,0,0,0.0
Eric Fehr,RW,14,2,1,3,3,8,10:43,0,0,25,8.0,218,1,1,5,16.7,1,0,0.0
Dustin Byfuglien,D,9,1,2,3,-2,10,17:18,0,2,18,5.6,191,0,0,0,0.0,0,0,0.0
Noah Welch,D,24,2,1,3,4,24,13:56,0,0,18,11.1,464,0,0,0,0.0,0,0,0.0
Jeff Schultz,D,38,0,3,3,5,16,18:11,0,0,22,0.0,968,0,0,0,0.0,0,0,0.0
Ryan Hollweg,LW,78,1,2,3,-11,131,8:14,0,0,63,1.6,966,0,34,52,39.5,1,0,0.0
Chris Conner,RW,11,1,2,3,-3,4,11:14,0,0,18,5.6,178,0,1,0,100.0,0,0,0.0
Blair Jones,C,20,1,2,3,0,2,5:46,0,0,6,16.7,169,0,27,38,41.5,0,0,0.0
Alexander Edler,D,22,1,2,3,3,6,11:26,0,0,10,10.0,378,0,0,0,0.0,0,0,0.0
John Zeiler,RW,23,1,2,3,-2,22,8:35,0,0,12,8.3,319,0,9,13,40.9,0,0,0.0
Mikko Lehtonen,D,15,1,2,3,0,8,14:35,0,0,14,7.1,291,0,0,0,0.0,0,0,0.0
Douglas Murray,D,35,0,3,3,0,31,10:45,0,1,18,0.0,583,0,0,0,0.0,0,0,0.0
Andrew Peters,LW,58,1,1,2,-1,125,3:46,0,0,19,5.3,306,0,0,0,0.0,0,0,0.0
Boyd Kane,LW,15,0,2,2,-4,28,6:57,0,0,7,0.0,163,0,1,3,25.0,0,0,0.0
Noah Clarke,LW,13,2,0,2,-6,4,8:35,0,0,11,18.2,185,0,17,26,39.5,1,0,0.0
Mathieu Roy,D,16,2,0,2,-7,30,14:06,0,0,18,11.1,324,0,0,0,0.0,0,0,0.0
Kamil Kreps,C,14,1,1,2,-1,6,11:13,0,0,20,5.0,218,0,55,58,48.7,0,0,0.0
D.J. King,LW,27,1,1,2,-3,52,5:31,0,0,12,8.3,230,0,1,1,50.0,0,0,0.0
Ben Ondrus,RW,16,0,2,2,-5,20,5:00,0,0,7,0.0,130,0,4,5,44.4,0,0,0.0
Danny Richmond,D,22,0,2,2,-1,48,12:19,0,0,13,0.0,384,0,0,0,0.0,0,0,0.0
Andy Wozniewski,D,15,0,2,2,-1,14,13:55,0,0,10,0.0,315,0,0,0,0.0,0,0,0.0
Richie Regehr,D,6,1,1,2,-1,0,8:44,1,1,4,25.0,88,0,0,0,0.0,0,0,0.0
Josh Gratton,LW,52,1,1,2,-9,188,5:54,0,0,29,3.4,466,0,0,1,0.0,0,0,0.0
Jaroslav Balastik,LW,8,1,1,2,-3,4,8:10,1,0,6,16.7,90,0,0,0,0.0,0,0,0.0
Yan Stastny,C,21,0,2,2,-3,19,7:28,0,0,7,0.0,221,0,23,28,45.1,0,0,0.0
Michael Funk,D,5,0,2,2,2,0,3:26,0,0,1,0.0,26,0,0,0,0.0,0,0,0.0
Bryan Bickell,LW,3,2,0,2,1,0,11:49,0,0,10,20.0,46,0,0,0,0.0,0,0,0.0
Jeff Hoggan,LW,46,0,2,2,-8,33,7:04,0,0,53,0.0,485,0,1,2,33.3,0,0,0.0
Matt Lashoff,D,12,0,2,2,-6,12,14:55,0,0,8,0.0,229,0,0,0,0.0,0,0,0.0
Drew Larman,C,16,2,0,2,-3,2,7:23,0,0,15,13.3,183,0,45,52,46.4,0,0,0.0
Peter Harrold,D,12,0,2,2,0,8,15:12,0,0,11,0.0,248,0,0,1,0.0,0,0,0.0
Keith Yandle,D,7,0,2,2,0,8,20:10,0,2,10,0.0,180,0,0,0,0.0,0,0,0.0
Frans Nielsen,C,15,1,1,2,-2,0,5:13,0,0,16,6.3,119,1,24,29,45.3,1,1,100.0
Enver Lisin,RW,17,1,1,2,-18,16,15:02,1,0,35,2.9,357,0,2,5,28.6,0,0,0.0
Patrick Kaleta,RW,7,0,2,2,3,21,6:49,0,0,6,0.0,73,0,0,0,0.0,0,0,0.0
Jonas Nordqvist,C,3,0,2,2,1,2,13:54,0,0,2,0.0,62,0,8,19,29.6,0,0,0.0
Lars Jonsson,D,8,0,2,2,-4,6,12:24,0,2,4,0.0,135,0,0,0,0.0,0,0,0.0
Kyle Cumiskey,D,9,1,1,2,0,2,13:27,0,0,8,12.5,181,0,0,0,0.0,0,0,0.0
Kris Letang,D,7,2,0,2,-3,4,11:33,2,0,8,25.0,104,0,0,0,0.0,0,0,0.0
Nate Guenin,D,9,0,2,2,0,4,8:40,0,0,0,0.0,114,0,0,0,0.0,0,0,0.0
Rico Fata,C,10,1,1,2,3,2,10:25,0,0,15,6.7,161,0,4,3,57.1,0,0,0.0
Travis Green,C,31,1,1,2,4,27,8:53,0,0,22,4.5,436,0,104,93,52.8,0,0,0.0
Donald MacLean,C,9,1,1,2,-4,0,12:37,0,1,12,8.3,151,0,1,1,50.0,0,0,0.0
Marty Murray,C,19,0,2,2,-5,4,9:31,0,0,4,0.0,277,0,65,74,46.8,0,0,0.0
Ville Nieminen,LW,44,1,1,2,-8,43,8:47,0,0,43,2.3,549,0,0,0,0.0,0,0,0.0
Scott Parker,RW,21,1,1,2,0,28,5:18,0,0,5,20.0,171,0,0,2,0.0,0,0,0.0
Jody Shelley,LW,72,1,1,2,-6,125,4:51,0,0,32,3.1,522,0,0,2,0.0,0,0,0.0
Josh Langfeld,RW,33,0,2,2,2,12,5:33,0,0,37,0.0,296,0,1,0,100.0,0,0,0.0
Derrick Walser,D,9,2,0,2,-1,0,12:13,2,0,10,20.0,144,0,0,0,0.0,0,0,0.0
Mattias Weinhandl,RW,12,1,1,2,-2,10,6:27,0,0,3,33.3,138,0,0,1,0.0,0,0,0.0
Brian McGrattan,RW,45,0,2,2,-1,100,3:51,0,0,22,0.0,244,0,1,0,100.0,0,0,0.0
Ryan Bayda,LW,9,1,1,2,-1,2,8:41,0,0,10,10.0,100,0,0,0,0.0,0,0,0.0
Rob Davison,D,22,0,2,2,-2,27,9:18,0,0,14,0.0,285,0,0,0,0.0,0,0,0.0
Tim Connolly,C,2,1,0,1,1,2,13:06,0,0,2,50.0,30,0,7,6,53.8,0,0,0.0
Nathan Dempsey,D,17,0,1,1,-2,6,9:57,0,0,4,0.0,234,0,0,0,0.0,0,0,0.0
Aaron Downey,RW,21,1,0,1,-6,48,4:58,0,0,10,10.0,154,1,0,0,0.0,0,0,0.0
Alyn McCauley,C,10,1,0,1,0,2,9:43,0,0,4,25.0,148,0,42,54,43.8,0,0,0.0
Ethan Moreau,LW,7,1,0,1,-4,12,15:08,0,0,18,5.6,145,0,10,10,50.0,0,0,0.0
Mike Rathje,D,18,0,1,1,-7,6,20:49,0,0,13,0.0,460,0,0,0,0.0,0,0,0.0
Mike Ricci,C,7,0,1,1,-1,4,9:53,0,0,4,0.0,108,0,24,26,48.0,0,0,0.0
Brad Norton,D,6,0,1,1,2,20,4:08,0,0,2,0.0,35,0,0,0,0.0,0,0,0.0
Brad Moran,C,3,0,1,1,0,2,12:38,0,1,3,0.0,45,0,14,10,58.3,0,0,0.0
Micki DuPont,D,3,0,1,1,-3,4,13:48,0,1,6,0.0,56,0,0,0,0.0,0,0,0.0
Alex Brooks,D,19,0,1,1,-1,4,8:38,0,0,4,0.0,236,0,0,0,0.0,0,0,0.0
Drew Fata,D,3,1,0,1,-2,5,10:17,0,0,1,100.0,44,0,0,0,0.0,0,0,0.0
Eric Godard,RW,19,0,1,1,0,50,3:47,0,0,3,0.0,120,0,0,0,0.0,0,0,0.0
Jim Fahey,D,13,0,1,1,0,2,10:47,0,0,7,0.0,209,0,0,0,0.0,0,0,0.0
Tomas Mojzis,D,6,1,0,1,0,0,10:03,0,0,7,14.3,79,0,0,0,0.0,0,0,0.0
Carl Corazzini,C,7,0,1,1,0,2,10:47,0,0,5,0.0,122,0,0,1,0.0,0,0,0.0
Duncan Milroy,RW,5,0,1,1,-2,0,12:56,0,0,6,0.0,85,0,0,1,0.0,0,0,0.0
Mark Popovic,LW,3,0,1,1,1,0,10:14,0,0,1,0.0,46,0,0,0,0.0,0,0,0.0
Jeremy Reich,C,32,0,1,1,-10,63,8:13,0,0,27,0.0,437,0,1,3,25.0,0,0,0.0
Tomas Kopecky,RW,26,1,0,1,-2,22,7:15,0,0,27,3.7,284,0,2,3,40.0,0,0,0.0
Wade Brookbank,D,7,1,0,1,-1,15,4:24,0,0,1,100.0,48,0,0,1,0.0,0,0,0.0
Allan Rourke,D,11,0,1,1,0,4,10:40,0,0,1,0.0,173,0,0,0,0.0,0,0,0.0
Keith Aucoin,C,8,0,1,1,1,0,6:17,0,1,6,0.0,68,0,19,10,65.5,0,0,0.0
David Hale,D,54,0,1,1,0,36,10:55,0,0,33,0.0,806,0,0,0,0.0,0,0,0.0
Joe Motzko,LW,7,1,0,1,0,0,6:26,0,0,10,10.0,71,0,0,1,0.0,0,0,0.0
P.A. Parenteau,RW,5,0,1,1,-1,2,11:05,0,1,7,0.0,77,0,1,1,50.0,0,0,0.0
Cody McCormick,C,6,0,1,1,1,6,6:43,0,0,6,0.0,68,0,1,2,33.3,0,0,0.0
Sheldon Brookbank,D,3,0,1,1,0,12,8:16,0,0,3,0.0,34,0,0,0,0.0,0,0,0.0
Triston Grant,LW,8,0,1,1,-1,10,4:32,0,0,3,0.0,56,0,0,0,0.0,0,0,0.0
Josh Hennessy,C,10,1,0,1,0,4,5:39,0,0,6,16.7,88,0,16,27,37.2,0,0,0.0
Joakim Lindstrom,F,9,1,0,1,-3,4,8:27,0,0,9,11.1,110,0,0,0,0.0,0,0,0.0
Kevin Klein,D,3,1,0,1,3,0,16:36,0,0,2,50.0,67,0,0,0,0.0,0,0,0.0
Derek Boogaard,LW,48,0,1,1,0,120,4:38,0,0,11,0.0,399,0,0,0,0.0,0,0,0.0
Mike Glumac,C,3,0,1,1,1,0,8:23,0,0,4,0.0,38,0,0,0,0.0,0,0,0.0
Shawn Belle,D,9,0,1,1,4,0,9:56,0,0,3,0.0,129,0,0,0,0.0,0,0,0.0
Tim Brent,C,15,1,0,1,-5,6,6:54,0,0,14,7.1,163,0,42,44,48.8,0,0,0.0
Anthony Stewart,RW,10,0,1,1,1,2,6:51,0,0,8,0.0,105,0,0,0,0.0,0,0,0.0
George Parros,RW,34,1,0,1,-3,102,5:03,0,0,19,5.3,274,0,0,0,0.0,0,0,0.0
Cam Janssen,RW,48,1,0,1,-2,114,4:05,0,0,9,11.1,321,0,1,0,100.0,0,0,0.0
Kyle Brodziak,C,6,1,0,1,0,2,17:08,0,0,11,9.1,126,0,25,23,52.1,0,0,0.0
Zack Stortini,RW,29,1,0,1,-7,105,7:09,0,0,17,5.9,299,0,3,0,100.0,0,0,0.0
Joel Ward,RW,11,0,1,1,0,0,7:42,0,0,12,0.0,135,0,0,1,0.0,0,0,0.0
Curtis Glencross,LW,9,1,0,1,-5,2,9:09,0,0,8,12.5,121,0,0,2,0.0,0,0,0.0
Jeremy Williams,RW,1,1,0,1,1,0,7:18,0,0,3,33.3,13,0,0,1,0.0,0,0,0.0
Junior Lessard,RW,1,1,0,1,1,0,11:56,1,0,3,33.3,16,0,0,0,0.0,0,0,0.0
Rob Globke,C,19,0,1,1,-3,0,6:04,0,0,15,0.0,171,0,0,0,0.0,0,0,0.0
Nigel Dawes,LW,8,1,0,1,-4,0,6:44,0,0,7,14.3,79,0,0,1,0.0,1,0,0.0
Martin Lojek,D,3,0,1,1,2,0,8:22,0,0,0,0.0,39,0,0,0,0.0,0,0,0.0
Kyle Quincey,D,6,1,0,1,0,0,11:25,0,0,7,14.3,91,0,0,0,0.0,0,0,0.0
Mark Stuart,D,15,0,1,1,7,14,10:23,0,0,4,0.0,221,0,0,0,0.0,0,0,0.0
Robert Nilsson,LW,4,1,0,1,-1,4,17:21,0,0,8,12.5,85,0,1,1,50.0,0,0,0.0
Mark Mancari,RW,3,0,1,1,-1,2,6:12,0,0,1,0.0,21,0,0,0,0.0,0,0,0.0
Bjorn Melin,RW,3,1,0,1,-1,0,7:19,0,0,1,100.0,34,0,0,0,0.0,0,0,0.0
Patrick Coulombe,D,7,0,1,1,-6,4,13:37,0,0,11,0.0,107,0,0,0,0.0,0,0,0.0
Rich Peverley,C,13,0,1,1,-1,0,7:31,0,0,9,0.0,145,0,22,23,48.9,0,0,0.0
Danny Syvret,D,16,0,1,1,-10,6,18:28,0,0,15,0.0,373,0,0,0,0.0,0,0,0.0
Alexei Kaigorodov,C,6,0,1,1,1,0,4:52,0,0,3,0.0,42,0,5,19,20.8,0,0,0.0
Jay Harrison,D,5,0,0,0,-5,6,8:21,0,0,3,0.0,63,0,0,0,0.0,0,0,0.0
Timo Helbling,D,2,0,0,0,-1,2,11:59,0,0,0,0.0,39,0,0,0,0.0,0,0,0.0
Matt Keith,RW,2,0,0,0,-2,4,9:33,0,0,0,0.0,26,0,0,0,0.0,0,0,0.0
Bryce Lampman,D,1,0,0,0,0,0,12:08,0,0,0,0.0,21,0,0,0,0.0,0,0,0.0
Brandon Reid,C,3,0,0,0,-1,0,11:42,0,0,8,0.0,47,0,3,4,42.9,0,0,0.0
Tuomas Pihlman,LW,2,0,0,0,0,0,6:32,0,0,0,0.0,19,0,0,0,0.0,0,0,0.0
Alexander Suglobov,RW,14,0,0,0,-6,4,7:24,0,0,17,0.0,136,0,0,0,0.0,0,0,0.0
Pat Leahy,RW,1,0,0,0,0,0,5:46,0,0,0,0.0,9,0,0,0,0.0,0,0,0.0
Jesse Schultz,RW,2,0,0,0,0,0,10:08,0,0,6,0.0,27,0,0,0,0.0,0,0,0.0
Matt Ellison,RW,2,0,0,0,0,0,5:58,0,0,1,0.0,21,0,3,5,37.5,0,0,0.0
David Liffiton,D,2,0,0,0,1,7,11:31,0,0,2,0.0,37,0,0,0,0.0,0,0,0.0
Darren Reid,RW,14,0,0,0,-7,18,8:08,0,0,8,0.0,161,0,1,0,100.0,0,0,0.0
Matt Foy,RW,9,0,0,0,-1,4,7:10,0,0,6,0.0,110,0,0,0,0.0,0,0,0.0
Riley Cote,LW,8,0,0,0,0,11,4:29,0,0,3,0.0,64,0,0,0,0.0,0,0,0.0
Steven Goertzen,RW,7,0,0,0,0,10,5:21,0,0,1,0.0,57,0,0,0,0.0,0,0,0.0
Jean-Francois Jacques,LW,37,0,0,0,-11,33,7:54,0,0,23,0.0,429,0,0,2,0.0,0,0,0.0
Nate Thompson,C,4,0,0,0,0,0,4:46,0,0,5,0.0,32,0,4,6,40.0,0,0,0.0
Colin Fraser,C,1,0,0,0,-1,2,3:18,0,0,0,0.0,9,0,0,2,0.0,0,0,0.0
Derek Meech,D,4,0,0,0,1,2,5:47,0,0,3,0.0,37,0,0,0,0.0,0,0,0.0
Carsen Germyn,C,2,0,0,0,0,0,8:25,0,0,3,0.0,28,0,1,1,50.0,0,0,0.0
Steve Regier,F,1,0,0,0,0,0,4:41,0,0,0,0.0,6,0,0,0,0.0,0,0,0.0
Zenon Konopka,C,6,0,0,0,-2,20,5:00,0,0,2,0.0,51,0,14,8,63.6,1,0,0.0
David Printz,D,12,0,0,0,-3,4,6:32,0,0,1,0.0,121,0,0,0,0.0,0,0,0.0
Danny Bois,RW,1,0,0,0,0,7,3:53,0,0,1,0.0,9,0,1,1,50.0,0,0,0.0
Jeremy Colliton,C,1,0,0,0,-1,0,4:40,0,0,0,0.0,6,0,0,0,0.0,0,0,0.0
Nathan McIver,D,1,0,0,0,-3,7,11:20,0,0,0,0.0,20,0,0,0,0.0,0,0,0.0
Greg Jacina,C,3,0,0,0,-1,2,6:51,0,0,2,0.0,28,0,0,0,0.0,0,0,0.0
Vojtech Polak,RW,2,0,0,0,-1,0,7:42,0,0,2,0.0,18,0,0,0,0.0,0,0,0.0
David Gove,C,1,0,0,0,0,0,3:16,0,0,0,0.0,5,0,0,0,0.0,0,0,0.0
Barry Tallackson,LW,3,0,0,0,-1,0,12:05,0,0,3,0.0,53,0,0,0,0.0,0,0,0.0
Brandon Prust,RW,10,0,0,0,1,25,6:03,0,0,1,0.0,95,0,0,0,0.0,0,0,0.0
Jonathan Sigalet,D,1,0,0,0,-2,4,14:41,0,0,1,0.0,21,0,0,0,0.0,0,0,0.0
Shay Stephenson,C,2,0,0,0,0,0,7:18,0,0,0,0.0,23,0,3,9,25.0,0,0,0.0
Lauri Tukonen,RW,4,0,0,0,-2,0,6:32,0,0,1,0.0,42,0,0,0,0.0,0,0,0.0
Nicklas Grossmann,D,8,0,0,0,-1,4,12:48,0,0,8,0.0,141,0,0,0,0.0,0,0,0.0
David Steckel,C,5,0,0,0,-2,2,12:26,0,0,4,0.0,101,0,28,15,65.1,0,0,0.0
Ben Walter,C,4,0,0,0,0,0,6:10,0,0,0,0.0,42,0,10,14,41.7,0,0,0.0
Tomi Maki,LW,1,0,0,0,0,0,10:56,0,0,0,0.0,18,0,0,0,0.0,0,0,0.0
Rob Schremp,C,1,0,0,0,0,0,13:50,0,0,2,0.0,17,0,6,6,50.0,0,0,0.0
Dave Bolland,C,1,0,0,0,-1,0,11:17,0,0,1,0.0,15,0,4,7,36.4,0,0,0.0
Benoit Pouliot,LW,3,0,0,0,-1,0,6:58,0,0,1,0.0,30,0,0,2,0.0,0,0,0.0
Ryan Parent,D,1,0,0,0,0,0,14:10,0,0,1,0.0,23,0,0,0,0.0,0,0,0.0
Luc Bourdon,D,9,0,0,0,-1,4,8:50,0,0,3,0.0,125,0,0,0,0.0,0,0,0.0
Blake Comeau,LW,3,0,0,0,0,0,9:25,0,0,1,0.0,39,0,0,0,0.0,0,0,0.0
Rick Rypien,C,2,0,0,0,0,5,4:46,0,0,0,0.0,20,0,4,2,66.7,0,0,0.0
Jamie Hunt,D,1,0,0,0,-1,0,6:01,0,0,0,0.0,10,0,0,0,0.0,0,0,0.0
Brandon Dubinsky,C,6,0,0,0,0,2,8:09,0,0,9,0.0,72,0,12,14,46.2,0,0,0.0
David Krejci,C,6,0,0,0,-3,2,4:23,0,0,2,0.0,36,0,4,10,28.6,0,0,0.0
Mike Blunden,RW,9,0,0,0,-5,10,11:23,0,0,10,0.0,143,0,0,1,0.0,0,0,0.0
Roman Polak,D,19,0,0,0,-3,6,12:58,0,0,13,0.0,331,0,0,0,0.0,0,0,0.0
Troy Brouwer,RW,10,0,0,0,-7,7,9:54,0,0,7,0.0,139,0,0,0,0.0,0,0,0.0
Adam Burish,RW,9,0,0,0,-4,2,11:08,0,0,12,0.0,154,0,3,3,50.0,0,0,0.0
Mike Card,D,4,0,0,0,0,0,4:33,0,0,0,0.0,30,0,0,0,0.0,0,0,0.0
Mark Fraser,D,7,0,0,0,-1,7,3:34,0,0,1,0.0,36,0,0,0,0.0,0,0,0.0
Bryan Young,D,15,0,0,0,-8,10,10:06,0,0,2,0.0,221,0,0,0,0.0,0,0,0.0
Mikhail Grabovski,C,3,0,0,0,-2,0,13:18,0,0,5,0.0,42,0,13,18,41.9,0,0,0.0
Gabe Gauthier,C,5,0,0,0,-1,2,9:56,0,0,6,0.0,72,0,11,12,47.8,0,0,0.0
Andrej Sekera,D,2,0,0,0,1,2,7:30,0,0,0,0.0,20,0,0,0,0.0,0,0,0.0
Alexei Mikhnov,LW,2,0,0,0,0,0,6:51,0,0,0,0.0,15,0,0,0,0.0,0,0,0.0
Sebastien Bisaillon,D,2,0,0,0,-1,0,14:11,0,0,3,0.0,37,0,0,0,0.0,0,0,0.0
Jack Johnson,D,5,0,0,0,-5,18,21:22,0,0,5,0.0,130,0,0,0,0.0,0,0,0.0
Joe Piskula,D,5,0,0,0,-3,6,9:58,0,0,4,0.0,81,0,0,0,0.0,0,0,0.0
Darcy Campbell,D,1,0,0,0,0,0,5:41,0,0,0,0.0,8,0,0,0,0.0,0,0,0.0
Rod Pelley,C,9,0,0,0,-3,0,10:59,0,0,8,0.0,141,0,40,58,40.8,0,0,0.0
Eric Boguniecki,C,11,0,0,0,0,8,4:54,0,0,2,0.0,77,0,0,0,0.0,0,0,0.0
Tyler Bouck,C,6,0,0,0,-1,16,7:55,0,0,7,0.0,88,0,0,0,0.0,0,0,0.0
Eric Cairns,D,1,0,0,0,0,5,0:42,0,0,0,0.0,2,0,0,0,0.0,0,0,0.0
Brad Ference,D,5,0,0,0,-1,2,11:46,0,0,1,0.0,90,0,0,0,0.0,0,0,0.0
Dan LaCouture,LW,6,0,0,0,0,7,4:57,0,0,0,0.0,55,0,0,0,0.0,0,0,0.0
Reed Low,RW,6,0,0,0,-1,31,3:33,0,0,0,0.0,36,0,0,0,0.0,0,0,0.0
Richard Matvichuk,D,1,0,0,0,-1,0,12:45,0,0,0,0.0,18,0,0,0,0.0,0,0,0.0
Darren McCarty,RW,32,0,0,0,-3,58,5:24,0,0,15,0.0,296,0,5,1,83.3,0,0,0.0
Jay McKee,D,23,0,0,0,-9,12,20:14,0,0,19,0.0,636,0,0,0,0.0,0,0,0.0
Ian Moran,D,1,0,0,0,-1,0,6:06,0,0,0,0.0,10,0,0,0,0.0,0,0,0.0
Serge Payer,C,5,0,0,0,-1,0,7:00,0,0,4,0.0,51,0,8,5,61.5,0,0,0.0
Deron Quint,D,5,0,0,0,0,0,10:34,0,0,2,0.0,77,0,0,0,0.0,0,0,0.0
Jason Strudwick,D,8,0,0,0,0,2,13:40,0,0,3,0.0,154,0,0,0,0.0,0,0,0.0
Lee Goren,RW,2,0,0,0,-1,0,11:21,0,0,2,0.0,34,0,0,0,0.0,0,0,0.0
Mathieu Darche,LW,2,0,0,0,0,0,9:13,0,0,3,0.0,26,0,0,0,0.0,0,0,0.0
Martin Grenier,D,3,0,0,0,-3,0,4:40,0,0,0,0.0,20,0,0,0,0.0,0,0,0.0
Derek MacKenzie,C,4,0,0,0,1,0,4:59,0,0,3,0.0,29,0,9,7,56.3,0,0,0.0
Tomas Malec,D,1,0,0,0,0,0,14:47,0,0,1,0.0,22,0,0,0,0.0,0,0,0.0
Tim Jackman,RW,5,0,0,0,-1,10,6:35,0,0,3,0.0,49,0,0,0,0.0,0,0,0.0
Jason Morgan,C,4,0,0,0,-1,4,7:28,0,0,0,0.0,46,0,14,11,56.0,0,0,0.0
Darryl Bootland,RW,6,0,0,0,0,9,3:52,0,0,4,0.0,38,0,2,0,100.0,0,0,0.0
Matt Ellis,LW,16,0,0,0,-1,6,5:33,0,0,22,0.0,154,0,23,25,47.9,0,0,0.0
Darren Haydar,RW,4,0,0,0,0,0,8:01,0,0,4,0.0,42,0,2,1,66.7,0,0,0.0
Mark Cullen,C,3,0,0,0,-3,0,6:15,0,0,4,0.0,28,0,7,7,50.0,0,0,0.0
Erik Reitz,D,1,0,0,0,1,0,10:36,0,0,0,0.0,13,0,0,0,0.0,0,0,0.0
Kyle Wanvig,RW,4,0,0,0,0,0,5:11,0,0,0,0.0,27,0,0,0,0.0,0,0,0.0
Niko Dimitrakos,RW,5,0,0,0,-4,6,8:31,0,0,4,0.0,65,0,0,0,0.0,0,0,0.0
David Koci,LW,9,0,0,0,-3,88,4:44,0,0,3,0.0,73,0,0,0,0.0,0,0,0.0
Tomas Plihal,C,3,0,0,0,0,0,9:43,0,0,10,0.0,42,0,6,2,75.0,0,0,0.0
Aaron Rome,D,1,0,0,0,-1,0,14:31,0,0,1,0.0,18,0,0,0,0.0,0,0,0.0
Nathan Smith,C,1,0,0,0,0,0,8:45,0,0,0,0.0,14,0,6,3,66.7,0,0,0.0
Matt Hussey,C,5,0,0,0,0,2,5:37,0,0,6,0.0,48,0,0,0,0.0,0,0,0.0
Erik Westrum,C,2,0,0,0,0,0,3:31,0,0,0,0.0,11,0,2,3,40.0,0,0,0.0
Filip Novak,D,6,0,0,0,1,2,9:55,0,0,3,0.0,95,0,0,0,0.0,0,0,0.0
