Team,Year,GP,GF/G,A,PTS,PPG,PP%,SHG,S,S%,PIM,PK%,SOA,SOG,SO%
Anaheim Ducks,2024,82,2.65,361,578,26,11.8,3,2270,9.6,731,74.2,16,6,37.5
Boston Bruins,2024,82,2.71,356,578,35,15.2,6,2174,10.2,801,76.3,3,0,0.0
Buffalo Sabres,2024,82,3.23,432,697,43,18.8,10,2278,11.6,837,76.3,16,8,50.0
Calgary Flames,2024,82,2.68,357,577,49,21.0,7,2414,9.1,756,76.1,25,9,36.0
Carolina Hurricanes,2024,82,3.24,441,707,46,18.7,10,2598,10.2,648,83.6,10,1,10.0
Chicago Blackhawks,2024,82,2.73,379,603,47,24.9,6,2005,11.2,705,79.3,23,8,34.8
Colorado Avalanche,2024,82,3.33,460,733,58,24.8,5,2451,11.1,560,79.8,22,6,27.3
Columbus Blue Jackets,2024,82,3.26,445,712,36,19.5,9,2382,11.2,676,77.0,16,7,43.8
Dallas Stars,2024,82,3.35,492,767,55,22.0,8,2325,11.8,572,82.0,11,6,54.5
Detroit Red Wings,2024,82,2.87,391,626,64,27.0,2,2248,10.5,557,70.1,7,5,71.4
Edmonton Oilers,2024,82,3.16,442,701,51,23.7,5,2622,9.9,607,78.2,2,0,0.0
Florida Panthers,2024,82,3.0,414,660,56,23.5,12,2589,9.5,843,80.7,14,7,50.0
Los Angeles Kings,2024,82,3.04,423,672,37,17.9,4,2303,10.8,632,81.4,10,5,50.0
Minnesota Wild,2024,82,2.74,369,594,43,20.9,4,2263,9.9,612,72.4,16,6,37.5
Montreal Canadiens,2024,82,2.96,410,653,47,20.1,9,2095,11.6,760,80.9,24,7,29.2
Nashville Predators,2024,82,2.59,352,564,50,21.8,1,2403,8.8,784,81.5,6,4,66.7
New Jersey Devils,2024,82,2.93,400,640,61,28.2,7,2304,10.4,665,82.7,16,7,43.8
New York Islanders,2024,82,2.71,359,581,26,12.6,9,2419,9.2,459,72.2,19,4,21.1
New York Rangers,2024,82,3.11,440,695,37,17.6,18,2344,10.9,687,80.3,3,1,33.3
Ottawa Senators,2024,82,2.95,405,647,64,23.7,9,2403,10.1,696,77.7,8,1,12.5
Philadelphia Flyers,2024,82,2.83,403,635,31,14.5,4,2212,10.5,602,77.6,32,11,34.4
Pittsburgh Penguins,2024,82,2.95,414,656,57,25.8,4,2324,10.4,561,77.8,25,7,28.0
San Jose Sharks,2024,82,2.54,356,564,42,18.6,5,2203,9.4,715,74.2,21,7,33.3
Seattle Kraken,2024,82,2.99,400,645,43,18.9,3,2243,10.9,585,77.2,15,5,33.3
St. Louis Blues,2024,82,3.05,440,690,43,22.1,4,2186,11.4,619,74.3,29,9,31.0
Tampa Bay Lightning,2024,82,3.56,499,791,60,25.9,11,2341,12.5,666,81.6,16,5,31.3
Toronto Maple Leafs,2024,82,3.26,443,710,54,24.8,6,2297,11.6,644,77.9,10,4,40.0
Utah Hockey Club,2024,82,2.93,431,671,57,24.2,4,2341,10.3,789,79.3,14,2,14.3
Vancouver Canucks,2024,82,2.84,408,641,50,22.5,4,2094,11.1,749,82.7,15,6,40.0
Vegas Golden Knights,2024,82,3.34,471,745,53,28.3,6,2480,11.0,463,75.7,19,3,15.8
Washington Capitals,2024,82,3.49,480,766,52,23.5,8,2265,12.6,779,82.0,16,3,18.8
Winnipeg Jets,2024,82,3.35,465,740,63,28.9,4,2314,11.9,593,79.4,8,3,37.5
Anaheim Ducks,2023,82,2.48,351,554,42,17.9,12,2194,9.3,1108,72.4,7,2,28.6
Boston Bruins,2023,82,3.21,443,706,54,22.2,7,2398,11.0,770,82.5,19,7,36.8
Buffalo Sabres,2023,82,2.98,391,635,37,16.6,7,2534,9.6,785,79.8,11,5,45.5
Calgary Flames,2023,82,3.09,433,686,45,17.9,11,2572,9.8,757,80.8,16,3,18.8
Carolina Hurricanes,2023,82,3.38,485,762,67,26.9,11,2733,10.1,693,86.4,32,5,15.6
Chicago Blackhawks,2023,82,2.17,303,481,39,16.6,3,2153,8.3,715,75.8,11,3,27.3
Colorado Avalanche,2023,82,3.68,525,827,68,24.5,7,2705,11.2,731,79.9,10,2,20.0
Columbus Blue Jackets,2023,82,2.85,389,623,32,15.1,5,2458,9.5,670,76.3,17,5,29.4
Dallas Stars,2023,82,3.59,505,799,58,24.2,12,2588,11.4,554,82.0,18,7,38.9
Detroit Red Wings,2023,82,3.35,464,739,63,23.1,7,2375,11.6,706,79.6,11,5,45.5
Edmonton Oilers,2023,82,3.56,507,799,64,26.3,7,2768,10.5,780,79.5,9,6,66.7
Florida Panthers,2023,82,3.23,445,710,63,23.5,8,2763,9.6,1106,82.5,18,7,38.9
Los Angeles Kings,2023,82,3.1,431,685,56,22.6,11,2616,9.7,715,84.6,30,10,33.3
Minnesota Wild,2023,82,3.02,424,672,62,22.7,3,2471,10.0,938,74.5,24,6,25.0
Montreal Canadiens,2023,82,2.83,380,612,44,17.5,7,2268,10.2,825,76.5,53,13,24.5
Nashville Predators,2023,82,3.24,449,715,58,21.6,7,2642,10.1,776,76.9,5,5,100.0
New Jersey Devils,2023,82,3.22,423,687,55,22.4,3,2516,10.5,747,80.7,2,0,0.0
New York Islanders,2023,82,2.99,410,655,47,20.3,10,2470,9.9,586,71.5,24,5,20.8
New York Rangers,2023,82,3.39,476,754,65,26.4,8,2580,10.8,763,84.5,22,9,40.9
Ottawa Senators,2023,82,3.05,421,671,51,18.0,7,2602,9.6,845,75.1,14,6,42.9
Philadelphia Flyers,2023,82,2.82,369,600,31,12.2,16,2708,8.5,830,83.4,22,6,27.3
Pittsburgh Penguins,2023,82,3.09,420,673,40,15.3,5,2682,9.4,603,80.7,26,7,26.9
San Jose Sharks,2023,82,2.2,300,480,42,20.2,3,2069,8.7,780,75.4,29,5,17.2
Seattle Kraken,2023,82,2.61,372,586,50,20.7,6,2347,9.1,653,78.8,30,8,26.7
St. Louis Blues,2023,82,2.85,401,635,45,18.0,11,2369,9.9,608,79.1,24,9,37.5
Tampa Bay Lightning,2023,82,3.51,496,784,71,28.6,5,2401,12.0,901,83.3,15,5,33.3
Toronto Maple Leafs,2023,82,3.63,487,785,57,24.0,6,2671,11.2,815,76.9,26,9,34.6
Vancouver Canucks,2023,82,3.4,484,763,58,22.6,7,2328,12.0,764,79.1,7,0,0.0
Vegas Golden Knights,2023,82,3.21,459,722,51,20.2,9,2548,10.3,585,79.3,16,7,43.8
Washington Capitals,2023,82,2.63,371,587,47,20.6,3,2172,9.9,628,79.0,34,8,23.5
Winnipeg Jets,2023,82,3.16,440,699,45,18.8,3,2488,10.4,659,77.1,3,0,0.0
Anaheim Ducks,2022,82,2.51,353,559,36,15.7,1,2326,8.9,929,72.1,13,4,30.8
Boston Bruins,2022,82,3.66,515,815,62,22.2,8,2702,11.1,861,87.3,15,6,40.0
Buffalo Sabres,2022,82,3.57,487,780,63,23.4,9,2665,11.0,608,73.0,19,7,36.8
Calgary Flames,2022,82,3.13,442,699,50,19.8,8,2948,8.7,757,82.6,23,7,30.4
Carolina Hurricanes,2022,82,3.2,425,687,50,19.8,11,2852,9.2,614,84.4,27,11,40.7
Chicago Blackhawks,2022,82,2.46,331,533,38,16.4,7,2209,9.1,707,76.2,10,4,40.0
Colorado Avalanche,2022,82,3.34,469,743,64,24.5,6,2727,10.0,675,79.0,24,6,25.0
Columbus Blue Jackets,2022,82,2.54,354,562,41,18.3,5,2399,8.7,654,75.1,12,4,33.3
Dallas Stars,2022,82,3.41,459,739,64,25.0,10,2617,10.7,637,83.5,13,5,38.5
Detroit Red Wings,2022,82,2.89,403,640,57,21.1,5,2312,10.3,662,78.3,23,6,26.1
Edmonton Oilers,2022,82,3.96,545,870,89,32.4,18,2754,11.8,706,77.0,17,3,17.6
Florida Panthers,2022,82,3.51,484,772,63,22.8,6,3019,9.5,998,75.9,11,4,36.4
Los Angeles Kings,2022,82,3.34,469,743,68,25.3,7,2658,10.3,703,75.8,24,9,37.5
Minnesota Wild,2022,82,2.91,394,633,54,21.4,14,2535,9.4,925,82.0,42,18,42.9
Montreal Canadiens,2022,82,2.77,384,611,38,16.0,8,2237,10.1,955,72.7,25,10,40.0
Nashville Predators,2022,82,2.71,379,601,44,17.6,6,2419,9.2,791,82.5,24,11,45.8
New Jersey Devils,2022,82,3.52,480,769,49,21.9,9,2821,10.2,632,82.6,12,2,16.7
New York Islanders,2022,82,2.95,388,630,35,15.8,6,2524,9.6,656,82.2,13,2,15.4
New York Rangers,2022,82,3.33,472,745,59,24.1,8,2582,10.6,625,81.2,23,9,39.1
Ottawa Senators,2022,82,3.16,419,678,72,23.5,9,2746,9.4,1027,80.1,3,2,66.7
Philadelphia Flyers,2022,82,2.68,365,585,35,15.6,11,2416,9.1,855,74.7,9,3,33.3
Pittsburgh Penguins,2022,82,3.18,450,711,63,21.7,5,2818,9.3,705,79.1,4,3,75.0
San Jose Sharks,2022,82,2.84,403,636,41,18.4,4,2415,9.6,667,82.4,19,4,21.1
Seattle Kraken,2022,82,3.52,479,768,48,19.8,6,2497,11.6,698,76.7,7,0,0.0
St. Louis Blues,2022,82,3.17,442,702,46,19.3,7,2341,11.1,641,72.4,21,5,23.8
Tampa Bay Lightning,2022,82,3.41,492,772,71,25.4,7,2621,10.7,995,79.7,15,5,33.3
Toronto Maple Leafs,2022,82,3.39,479,757,64,26.0,8,2628,10.6,691,81.9,6,2,33.3
Vancouver Canucks,2022,82,3.29,480,750,62,22.7,15,2438,11.1,734,71.6,19,7,36.8
Vegas Golden Knights,2022,82,3.26,443,710,42,20.3,10,2587,10.3,589,77.6,24,7,29.2
Washington Capitals,2022,82,3.09,425,678,52,21.2,4,2548,9.9,713,81.9,14,3,21.4
Winnipeg Jets,2022,82,3.0,445,691,52,19.3,7,2486,9.9,699,82.4,6,2,33.3
Anaheim Ducks,2021,82,2.78,386,614,48,21.9,6,2393,9.5,759,80.8,29,13,44.8
Boston Bruins,2021,82,3.09,435,688,50,21.2,5,2962,8.5,809,81.3,17,5,29.4
Buffalo Sabres,2021,82,2.79,374,603,47,21.2,6,2451,9.3,667,76.4,18,9,50.0
Calgary Flames,2021,82,3.55,486,777,54,22.9,7,2908,10.0,744,83.2,16,5,31.3
Carolina Hurricanes,2021,82,3.38,481,758,51,22.0,4,2798,9.9,758,88.0,8,1,12.5
Chicago Blackhawks,2021,82,2.6,375,588,47,19.2,2,2362,9.0,646,76.2,30,8,26.7
Colorado Avalanche,2021,82,3.76,531,839,67,24.0,6,2874,10.7,742,79.7,19,6,31.6
Columbus Blue Jackets,2021,82,3.15,439,697,41,18.6,7,2463,10.5,635,78.6,26,8,30.8
Dallas Stars,2021,82,2.84,406,639,54,22.5,7,2486,9.4,551,79.0,27,9,33.3
Detroit Red Wings,2021,82,2.77,382,609,37,16.3,4,2414,9.4,733,73.8,16,5,31.3
Edmonton Oilers,2021,82,3.48,488,773,61,26.0,11,2790,10.2,666,79.4,24,8,33.3
Florida Panthers,2021,82,4.11,575,912,64,24.4,12,3062,11.0,832,79.5,22,7,31.8
Los Angeles Kings,2021,82,2.84,373,606,40,16.1,11,2865,8.1,635,77.1,30,11,36.7
Minnesota Wild,2021,82,3.72,512,817,53,20.5,2,2666,11.4,882,76.1,27,11,40.7
Montreal Canadiens,2021,82,2.66,366,584,34,13.7,6,2442,8.9,836,75.5,23,7,30.4
Nashville Predators,2021,82,3.2,463,725,63,24.4,2,2439,10.7,1035,79.2,22,6,27.3
New Jersey Devils,2021,82,2.99,413,658,35,15.6,6,2562,9.6,668,80.2,32,12,37.5
New York Islanders,2021,82,2.79,377,606,46,22.1,5,2367,9.7,729,84.2,35,4,11.4
New York Rangers,2021,82,3.05,431,681,55,25.2,8,2392,10.5,675,82.3,37,12,32.4
Ottawa Senators,2021,82,2.73,367,591,47,19.3,9,2463,9.1,822,80.3,16,5,31.3
Philadelphia Flyers,2021,82,2.56,345,555,30,12.6,6,2539,8.3,739,75.7,20,1,5.0
Pittsburgh Penguins,2021,82,3.28,470,739,50,20.2,3,2849,9.4,566,84.4,35,8,22.9
San Jose Sharks,2021,82,2.57,363,574,41,19.0,4,2400,8.8,725,85.2,16,5,31.3
Seattle Kraken,2021,82,2.6,368,581,32,14.5,8,2380,9.0,700,74.9,19,7,36.8
St. Louis Blues,2021,82,3.77,548,857,65,27.0,9,2492,12.4,611,84.1,18,5,27.8
Tampa Bay Lightning,2021,82,3.48,487,772,62,23.9,7,2535,11.2,901,80.6,27,8,29.6
Toronto Maple Leafs,2021,82,3.8,538,850,63,27.3,13,2835,11.0,702,82.1,16,6,37.5
Vancouver Canucks,2021,82,3.0,407,653,58,23.5,5,2622,9.4,655,74.9,33,9,27.3
Vegas Golden Knights,2021,82,3.2,429,691,39,18.4,10,2830,9.3,624,77.4,39,10,25.6
Washington Capitals,2021,82,3.29,436,706,48,18.8,8,2577,10.5,631,80.4,36,12,33.3
Winnipeg Jets,2021,82,3.01,419,666,51,20.6,9,2645,9.3,722,75.0,19,5,26.3
Anaheim Ducks,2020,56,2.21,200,324,11,8.9,2,1500,8.3,500,79.9,10,4,40.0
Boston Bruins,2020,56,2.93,284,448,35,21.9,9,1866,8.8,533,86.0,13,6,46.2
Buffalo Sabres,2020,56,2.39,218,352,30,21.0,5,1592,8.4,342,77.7,19,4,21.1
Calgary Flames,2020,57,2.72,270,425,32,18.3,2,1689,9.2,449,80.2,8,3,37.5
Carolina Hurricanes,2020,56,3.13,308,483,42,25.6,7,1794,9.8,414,85.2,23,9,39.1
Chicago Blackhawks,2020,56,2.84,269,428,38,21.7,3,1635,9.7,368,76.8,11,2,18.2
Colorado Avalanche,2020,56,3.52,354,551,47,22.7,1,1937,10.2,499,83.1,2,1,50.0
Columbus Blue Jackets,2020,56,2.39,238,372,18,15.4,6,1625,8.2,391,78.9,22,6,27.3
Dallas Stars,2020,57,2.74,265,421,37,23.6,3,1699,9.2,410,79.1,25,6,24.0
Detroit Red Wings,2020,58,2.16,209,334,17,11.4,0,1528,8.2,412,77.6,23,7,30.4
Edmonton Oilers,2020,57,3.21,315,498,48,27.6,2,1674,10.9,434,82.5,0,0,0.0
Florida Panthers,2020,56,3.36,311,499,39,20.5,4,1954,9.6,568,79.8,14,4,28.6
Los Angeles Kings,2020,56,2.54,237,379,32,18.9,3,1587,8.9,395,83.6,7,3,42.9
Minnesota Wild,2020,56,3.21,292,472,29,17.6,2,1585,11.4,498,80.7,10,3,30.0
Montreal Canadiens,2020,57,2.77,257,415,29,19.2,9,1746,9.0,465,78.5,15,3,20.0
Nashville Predators,2020,57,2.65,239,390,28,17.6,6,1679,9.0,514,75.4,16,8,50.0
New Jersey Devils,2020,57,2.63,261,411,24,15.1,3,1631,9.2,385,70.9,15,3,20.0
New York Islanders,2020,56,2.71,249,401,27,18.8,4,1623,9.4,370,83.7,25,7,28.0
New York Rangers,2020,56,3.14,305,481,37,20.7,8,1607,11.0,565,82.2,5,2,40.0
Ottawa Senators,2020,56,2.77,252,407,27,15.5,7,1663,9.3,509,78.9,11,4,36.4
Philadelphia Flyers,2020,57,2.86,285,448,33,19.5,2,1716,9.5,517,73.1,25,8,32.0
Pittsburgh Penguins,2020,56,3.45,329,522,36,23.7,6,1684,11.5,441,77.4,5,2,40.0
San Jose Sharks,2020,56,2.61,233,379,22,14.1,5,1682,8.7,514,80.4,26,9,34.6
St. Louis Blues,2020,56,2.98,293,460,36,23.2,6,1622,10.3,456,77.8,16,5,31.3
Tampa Bay Lightning,2020,56,3.21,299,479,40,22.3,3,1692,10.6,597,84.2,13,5,38.5
Toronto Maple Leafs,2020,56,3.32,336,522,31,20.0,3,1751,10.6,390,78.5,2,1,50.0
Vancouver Canucks,2020,57,2.6,229,377,27,17.4,6,1629,9.1,551,79.8,17,5,29.4
Vegas Golden Knights,2020,56,3.39,326,516,31,17.8,4,1829,10.4,408,86.8,8,2,25.0
Washington Capitals,2020,56,3.36,314,502,38,24.8,2,1647,11.4,527,84.0,12,4,33.3
Winnipeg Jets,2020,56,3.04,294,464,37,23.0,3,1661,10.2,404,80.5,7,1,14.3
Anaheim Ducks,2019,71,2.56,288,470,27,14.7,10,2106,8.6,725,77.0,21,11,52.4
Boston Bruins,2019,70,3.24,384,611,57,25.2,5,2247,10.1,682,84.2,30,4,13.3
Buffalo Sabres,2019,69,2.8,315,508,37,18.9,5,2021,9.6,479,74.6,15,4,26.7
Calgary Flames,2019,70,2.91,332,536,41,21.2,6,2212,9.2,615,82.1,20,9,45.0
Carolina Hurricanes,2019,68,3.19,380,597,46,22.3,10,2261,9.6,588,84.0,20,9,45.0
Chicago Blackhawks,2019,70,2.97,350,558,33,15.2,6,2227,9.3,548,82.1,22,12,54.5
Colorado Avalanche,2019,70,3.37,399,635,46,19.1,8,2257,10.5,597,81.4,5,1,20.0
Columbus Blue Jackets,2019,70,2.57,298,478,31,16.4,3,2272,7.9,458,81.7,21,4,19.0
Dallas Stars,2019,69,2.58,295,473,42,21.1,5,2113,8.4,568,79.7,15,7,46.7
Detroit Red Wings,2019,71,2.0,250,392,32,14.9,4,1924,7.4,599,74.3,14,5,35.7
Edmonton Oilers,2019,71,3.14,381,604,59,29.5,3,2100,10.6,577,84.4,10,2,20.0
Florida Panthers,2019,69,3.3,391,619,45,21.3,4,2253,10.1,500,78.5,18,5,27.8
Los Angeles Kings,2019,70,2.53,302,479,33,17.1,5,2325,7.6,479,77.4,15,3,20.0
Minnesota Wild,2019,69,3.16,365,583,46,21.3,3,2077,10.5,560,77.2,20,7,35.0
Montreal Canadiens,2019,71,2.93,322,530,33,17.7,6,2422,8.6,546,78.7,14,5,35.7
Nashville Predators,2019,69,3.07,350,562,39,17.3,6,2287,9.3,618,76.1,30,8,26.7
New Jersey Devils,2019,69,2.68,309,494,42,17.9,9,2117,8.7,666,82.4,38,12,31.6
New York Islanders,2019,68,2.78,320,509,29,17.3,6,2016,9.4,575,80.7,22,8,36.4
New York Rangers,2019,70,3.33,402,635,52,22.9,8,2175,10.7,781,77.4,9,4,44.4
Ottawa Senators,2019,71,2.68,308,498,30,14.2,15,2174,8.7,682,76.1,18,3,16.7
Philadelphia Flyers,2019,69,3.29,382,609,47,20.8,8,2166,10.5,526,81.8,38,9,23.7
Pittsburgh Penguins,2019,69,3.2,374,595,42,19.9,6,2204,10.0,517,82.1,15,5,33.3
San Jose Sharks,2019,70,2.57,316,496,33,17.5,7,2101,8.6,723,85.7,12,2,16.7
St. Louis Blues,2019,71,3.14,376,599,49,24.3,5,2179,10.2,513,79.3,17,4,23.5
Tampa Bay Lightning,2019,70,3.47,414,657,49,23.2,6,2176,11.2,723,81.4,11,4,36.4
Toronto Maple Leafs,2019,70,3.39,395,632,45,23.1,5,2302,10.3,472,77.7,28,6,21.4
Vancouver Canucks,2019,69,3.25,393,617,57,24.2,5,2153,10.4,643,80.5,30,9,30.0
Vegas Golden Knights,2019,71,3.15,354,578,42,22.0,9,2450,9.1,566,76.6,17,8,47.1
Washington Capitals,2019,69,3.42,382,618,42,19.4,6,2206,10.7,699,82.6,31,10,32.3
Winnipeg Jets,2019,71,3.0,380,593,42,20.5,6,2222,9.6,525,77.6,17,9,52.9
Anaheim Ducks,2018,82,2.39,326,522,36,17.0,5,2271,8.6,736,79.7,18,5,27.8
Boston Bruins,2018,82,3.13,442,699,65,25.9,7,2680,9.6,797,79.9,26,5,19.2
Buffalo Sabres,2018,82,2.7,378,599,46,19.5,3,2697,8.2,570,80.9,31,12,38.7
Calgary Flames,2018,82,3.52,505,794,53,19.3,18,2656,10.9,695,79.7,17,3,17.6
Carolina Hurricanes,2018,82,2.96,399,642,44,17.8,8,2822,8.6,618,81.6,15,3,20.0
Chicago Blackhawks,2018,82,3.26,463,730,48,20.2,6,2669,10.0,600,72.7,10,6,60.0
Colorado Avalanche,2018,82,3.15,429,687,63,22.0,9,2676,9.6,772,78.7,14,4,28.6
Columbus Blue Jackets,2018,82,3.12,415,671,34,15.4,8,2592,9.9,512,85.0,9,5,55.6
Dallas Stars,2018,82,2.55,357,566,45,21.0,4,2519,8.3,631,82.8,17,2,11.8
Detroit Red Wings,2018,82,2.73,379,603,39,18.1,7,2394,9.4,649,77.1,27,5,18.5
Edmonton Oilers,2018,82,2.79,386,615,47,21.2,10,2392,9.6,754,74.8,22,8,36.4
Florida Panthers,2018,82,3.22,457,721,72,26.8,3,2705,9.8,688,81.3,27,9,33.3
Los Angeles Kings,2018,82,2.43,326,525,35,15.9,4,2358,8.4,663,76.6,24,9,37.5
Minnesota Wild,2018,82,2.56,361,571,49,20.3,5,2567,8.2,656,81.7,17,2,11.8
Montreal Canadiens,2018,82,3.0,424,670,31,13.2,5,2796,8.8,682,80.9,11,5,45.5
Nashville Predators,2018,82,2.88,385,621,33,12.9,8,2678,8.8,686,82.1,25,8,32.0
New Jersey Devils,2018,82,2.67,355,574,45,17.7,10,2488,8.8,745,84.3,29,7,24.1
New York Islanders,2018,82,2.72,372,595,33,14.5,6,2360,9.4,644,79.9,35,7,20.0
New York Rangers,2018,82,2.7,372,593,44,19.4,7,2393,9.2,854,78.2,40,16,40.0
Ottawa Senators,2018,82,2.95,421,663,46,20.4,4,2429,10.0,693,79.2,2,0,0.0
Philadelphia Flyers,2018,82,2.94,419,660,40,17.1,4,2583,9.3,731,78.5,18,6,33.3
Pittsburgh Penguins,2018,82,3.3,459,730,56,24.6,12,2731,9.9,675,79.7,15,3,20.0
San Jose Sharks,2018,82,3.52,504,793,57,23.7,9,2708,10.7,749,80.8,9,0,0.0
St. Louis Blues,2018,82,2.98,416,660,50,21.1,5,2604,9.4,623,81.5,20,7,35.0
Tampa Bay Lightning,2018,82,3.89,547,866,74,28.2,12,2620,12.2,779,85.0,25,12,48.0
Toronto Maple Leafs,2018,82,3.49,480,766,46,21.8,5,2736,10.5,503,79.9,9,1,11.1
Vancouver Canucks,2018,82,2.67,356,575,43,17.1,7,2448,8.9,721,81.1,52,10,19.2
Vegas Golden Knights,2018,82,3.0,395,641,39,16.7,11,2814,8.7,583,80.8,18,4,22.2
Washington Capitals,2018,82,3.34,478,752,49,20.8,5,2492,11.0,730,78.9,22,11,50.0
Winnipeg Jets,2018,82,3.29,458,728,62,24.8,10,2557,10.6,759,79.2,12,5,41.7
Anaheim Ducks,2017,82,2.82,393,624,38,17.8,10,2475,9.3,818,83.2,50,13,26.0
Boston Bruins,2017,82,3.26,458,725,61,23.6,9,2703,9.9,780,83.7,28,7,25.0
Buffalo Sabres,2017,82,2.41,329,527,49,19.1,9,2557,7.7,673,77.9,11,3,27.3
Calgary Flames,2017,82,2.63,375,591,43,16.0,7,2759,7.8,912,81.8,22,7,31.8
Carolina Hurricanes,2017,82,2.74,389,614,44,18.4,3,2780,8.1,512,77.5,19,6,31.6
Chicago Blackhawks,2017,82,2.78,385,613,43,16.0,5,2793,8.2,613,79.1,13,4,30.8
Colorado Avalanche,2017,82,3.11,424,679,65,22.0,7,2432,10.5,731,83.3,8,3,37.5
Columbus Blue Jackets,2017,82,2.88,390,626,39,17.2,4,2761,8.5,565,76.2,41,13,31.7
Dallas Stars,2017,82,2.82,378,609,47,19.3,7,2560,9.0,830,80.8,19,8,42.1
Detroit Red Wings,2017,82,2.59,363,575,41,17.5,9,2490,8.5,726,77.5,28,9,32.1
Edmonton Oilers,2017,82,2.79,384,613,31,14.8,11,2740,8.4,752,76.7,19,11,57.9
Florida Panthers,2017,82,2.99,423,668,47,18.9,10,2822,8.7,899,80.2,24,8,33.3
Los Angeles Kings,2017,82,2.89,406,643,49,20.4,5,2544,9.3,735,85.0,12,5,41.7
Minnesota Wild,2017,82,3.05,429,679,49,20.4,7,2476,10.1,684,81.3,29,8,27.6
Montreal Canadiens,2017,82,2.52,330,537,52,21.2,7,2687,7.7,708,74.1,28,5,17.9
Nashville Predators,2017,82,3.18,430,691,58,21.2,10,2641,9.9,928,81.9,44,12,27.3
New Jersey Devils,2017,82,2.96,387,630,54,21.4,12,2599,9.4,694,81.8,39,10,25.6
New York Islanders,2017,82,3.18,451,712,58,23.2,5,2572,10.1,643,73.2,18,5,27.8
New York Rangers,2017,82,2.78,382,610,51,21.2,5,2538,9.0,655,81.4,26,10,38.5
Ottawa Senators,2017,82,2.67,374,593,41,16.6,4,2515,8.7,667,76.1,35,8,22.9
Philadelphia Flyers,2017,82,3.04,444,693,54,20.7,3,2631,9.5,679,75.8,37,7,18.9
Pittsburgh Penguins,2017,82,3.29,463,733,68,26.2,6,2823,9.6,775,80.0,12,5,41.7
San Jose Sharks,2017,82,3.01,436,683,53,20.7,8,2702,9.1,630,84.8,39,16,41.0
St. Louis Blues,2017,82,2.72,388,611,38,15.4,5,2677,8.3,631,79.7,7,6,85.7
Tampa Bay Lightning,2017,82,3.54,497,787,66,23.9,9,2680,10.8,753,76.1,24,9,37.5
Toronto Maple Leafs,2017,82,3.29,445,715,56,24.9,4,2640,10.2,570,81.4,36,13,36.1
Vancouver Canucks,2017,82,2.66,367,585,53,21.5,7,2464,8.8,712,78.3,23,6,26.1
Vegas Golden Knights,2017,82,3.27,443,711,53,21.4,8,2686,10.0,560,81.4,29,6,20.7
Washington Capitals,2017,82,3.12,438,694,55,22.5,4,2379,10.8,800,80.3,11,4,36.4
Winnipeg Jets,2017,82,3.33,466,739,64,23.4,9,2643,10.3,697,81.8,23,9,39.1
Anaheim Ducks,2016,82,2.68,364,584,47,18.7,9,2425,9.1,934,84.7,42,13,31.0
Boston Bruins,2016,82,2.83,366,598,53,21.7,10,2721,8.5,831,85.7,28,6,21.4
Buffalo Sabres,2016,82,2.43,332,531,57,24.5,3,2491,8.0,741,77.6,27,6,22.2
Calgary Flames,2016,82,2.71,396,618,52,20.2,8,2388,9.3,956,81.6,19,5,26.3
Carolina Hurricanes,2016,82,2.59,363,575,41,17.7,10,2493,8.5,476,84.2,25,8,32.0
Chicago Blackhawks,2016,82,2.93,407,647,42,18.0,1,2508,9.6,584,77.7,19,8,42.1
Colorado Avalanche,2016,82,2.01,278,443,30,12.6,5,2303,7.2,767,76.6,9,2,22.2
Columbus Blue Jackets,2016,82,3.01,400,647,42,19.9,10,2540,9.7,714,82.5,11,4,36.4
Dallas Stars,2016,82,2.71,374,596,46,17.9,5,2505,8.9,810,73.9,10,4,40.0
Detroit Red Wings,2016,82,2.41,334,532,38,15.1,3,2335,8.5,718,80.9,37,15,40.5
Edmonton Oilers,2016,82,2.96,400,643,56,22.9,4,2547,9.5,738,80.7,27,10,37.0
Florida Panthers,2016,82,2.5,346,551,45,17.0,8,2644,7.8,813,85.3,34,12,35.3
Los Angeles Kings,2016,82,2.43,341,540,46,19.1,5,2553,7.8,754,84.5,27,7,25.9
Minnesota Wild,2016,82,3.21,446,709,47,21.0,5,2527,10.4,669,82.9,21,8,38.1
Montreal Canadiens,2016,82,2.72,378,601,45,19.7,5,2459,9.1,759,81.1,17,8,47.1
Nashville Predators,2016,82,2.9,387,625,49,18.9,12,2557,9.3,833,80.9,16,3,18.8
New Jersey Devils,2016,82,2.2,298,478,44,17.5,6,2279,7.9,817,79.6,18,6,33.3
New York Islanders,2016,82,2.91,389,628,35,15.0,5,2480,9.6,648,81.9,27,7,25.9
New York Rangers,2016,82,3.09,428,681,47,20.3,9,2438,10.4,593,79.8,20,7,35.0
Ottawa Senators,2016,82,2.51,346,552,43,17.0,7,2463,8.4,848,79.7,35,10,28.6
Philadelphia Flyers,2016,82,2.59,358,570,54,19.5,4,2585,8.2,844,79.8,46,13,28.3
Pittsburgh Penguins,2016,82,3.39,475,753,60,23.1,5,2756,10.1,703,79.8,26,9,34.6
San Jose Sharks,2016,82,2.67,382,601,41,16.7,7,2453,8.9,642,80.7,9,3,33.3
St. Louis Blues,2016,82,2.84,394,627,50,21.3,3,2330,10.0,734,84.8,18,4,22.2
Tampa Bay Lightning,2016,82,2.8,395,625,62,22.8,4,2452,9.4,875,81.4,32,11,34.4
Toronto Maple Leafs,2016,82,3.05,411,661,58,23.8,6,2617,9.6,799,82.5,28,5,17.9
Vancouver Canucks,2016,82,2.17,292,470,32,14.1,2,2273,7.8,648,76.7,17,5,29.4
Washington Capitals,2016,82,3.18,453,714,57,23.1,5,2495,10.5,750,83.8,24,8,33.3
Winnipeg Jets,2016,82,3.0,417,663,48,18.2,10,2448,10.0,835,77.5,15,6,40.0
Anaheim Ducks,2015,82,2.62,362,577,56,23.0,7,2483,8.7,1023,87.2,22,7,31.8
Boston Bruins,2015,82,2.88,399,635,48,20.5,9,2620,9.0,933,82.2,19,5,26.3
Buffalo Sabres,2015,82,2.43,322,521,48,18.9,6,2418,8.2,749,82.6,27,4,14.8
Calgary Flames,2015,82,2.79,407,636,46,17.0,10,2398,9.6,754,75.6,16,6,37.5
Carolina Hurricanes,2015,82,2.39,328,524,40,16.8,3,2451,8.0,562,84.3,28,5,17.9
Chicago Blackhawks,2015,82,2.85,400,634,57,22.6,10,2498,9.4,611,80.3,11,3,27.3
Colorado Avalanche,2015,82,2.59,371,583,48,18.0,7,2348,9.0,774,80.2,12,6,50.0
Columbus Blue Jackets,2015,82,2.6,357,570,43,17.3,3,2387,8.9,995,81.0,34,11,32.4
Dallas Stars,2015,82,3.23,433,698,58,22.1,10,2624,10.1,719,82.3,17,8,47.1
Detroit Red Wings,2015,82,2.55,349,558,50,18.8,2,2432,8.6,724,81.6,25,6,24.0
Edmonton Oilers,2015,82,2.43,343,542,43,18.1,5,2386,8.3,794,81.1,23,9,39.1
Florida Panthers,2015,82,2.83,381,613,47,16.9,5,2358,9.8,849,79.5,32,17,53.1
Los Angeles Kings,2015,82,2.72,377,600,47,20.0,5,2625,8.5,866,81.4,19,5,26.3
Minnesota Wild,2015,82,2.6,356,569,48,18.5,7,2374,9.0,545,77.9,15,5,33.3
Montreal Canadiens,2015,82,2.63,377,593,42,16.2,8,2504,8.6,774,81.9,31,9,29.0
Nashville Predators,2015,82,2.73,370,594,51,19.7,7,2507,8.9,810,81.2,21,6,28.6
New Jersey Devils,2015,82,2.22,297,479,51,19.9,5,2003,9.1,814,83.0,30,8,26.7
New York Islanders,2015,82,2.77,377,604,42,18.3,7,2412,9.4,718,84.5,33,12,36.4
New York Rangers,2015,82,2.84,383,616,42,18.6,3,2336,10.0,704,78.2,13,6,46.2
Ottawa Senators,2015,82,2.8,362,592,38,15.9,17,2325,9.9,892,75.8,43,15,34.9
Philadelphia Flyers,2015,82,2.57,370,581,53,18.9,3,2540,8.3,966,80.5,37,8,21.6
Pittsburgh Penguins,2015,82,2.94,409,650,48,18.4,11,2722,8.9,693,84.4,25,9,36.0
San Jose Sharks,2015,82,2.89,408,645,62,22.5,6,2491,9.5,727,80.5,17,8,47.1
St. Louis Blues,2015,82,2.67,370,589,51,21.5,4,2474,8.9,861,85.1,49,13,26.5
Tampa Bay Lightning,2015,82,2.73,361,585,44,15.8,7,2402,9.3,809,84.0,19,6,31.6
Toronto Maple Leafs,2015,82,2.34,339,531,40,15.4,3,2515,7.6,756,81.6,47,12,25.5
Vancouver Canucks,2015,82,2.27,316,502,39,15.8,4,2311,8.0,821,81.1,35,11,31.4
Washington Capitals,2015,82,3.02,422,670,55,21.9,2,2510,9.9,753,85.1,17,8,47.1
Winnipeg Jets,2015,82,2.59,352,564,38,14.8,10,2427,8.7,920,78.4,18,7,38.9
Anaheim Ducks,2014,82,2.78,385,613,37,15.7,9,2458,9.3,887,81.0,40,19,47.5
Boston Bruins,2014,82,2.55,358,567,38,17.8,8,2546,8.2,778,82.0,60,9,15.0
Buffalo Sabres,2014,82,1.87,268,421,30,13.4,7,1984,7.7,853,75.1,45,14,31.1
Calgary Flames,2014,82,2.89,427,664,48,18.8,6,2252,10.5,626,80.6,29,9,31.0
Carolina Hurricanes,2014,82,2.23,327,510,45,18.8,2,2524,7.3,549,84.7,39,8,20.5
Chicago Blackhawks,2014,82,2.68,381,601,46,17.6,3,2777,7.9,596,83.4,36,17,47.2
Colorado Avalanche,2014,82,2.55,362,571,37,15.0,4,2286,9.1,771,84.6,52,23,44.2
Columbus Blue Jackets,2014,82,2.77,397,624,53,21.7,5,2366,9.6,978,80.2,46,16,34.8
Dallas Stars,2014,82,3.13,440,697,55,19.0,9,2558,10.0,789,80.7,32,10,31.3
Detroit Red Wings,2014,82,2.82,399,630,70,23.8,3,2429,9.5,724,80.9,52,16,30.8
Edmonton Oilers,2014,82,2.35,324,517,41,17.7,4,2331,8.3,677,76.7,63,10,15.9
Florida Panthers,2014,82,2.41,343,541,40,16.3,1,2516,7.9,733,80.0,81,22,27.2
Los Angeles Kings,2014,82,2.66,379,597,47,19.0,7,2536,8.6,744,80.9,35,5,14.3
Minnesota Wild,2014,82,2.77,381,608,39,15.9,4,2522,9.0,728,86.3,25,10,40.0
Montreal Canadiens,2014,82,2.61,365,579,40,16.5,7,2334,9.2,833,83.7,44,15,34.1
Nashville Predators,2014,82,2.76,385,611,42,16.2,4,2614,8.6,693,80.8,42,12,28.6
New Jersey Devils,2014,82,2.15,309,485,41,19.3,7,2008,8.8,760,80.6,36,11,30.6
New York Islanders,2014,82,2.99,411,656,50,18.7,10,2771,8.8,700,78.0,46,15,32.6
New York Rangers,2014,82,3.02,411,659,39,16.8,9,2582,9.6,712,84.3,26,9,34.6
Ottawa Senators,2014,82,2.83,387,619,47,16.8,6,2539,9.1,841,82.9,53,16,30.2
Philadelphia Flyers,2014,82,2.59,384,596,60,23.4,3,2413,8.8,833,77.1,53,12,22.6
Pittsburgh Penguins,2014,82,2.65,383,600,49,19.3,6,2594,8.4,1123,84.8,36,12,33.3
San Jose Sharks,2014,82,2.73,401,625,55,21.7,4,2591,8.6,760,78.5,46,11,23.9
St. Louis Blues,2014,82,2.91,421,660,56,22.3,2,2535,9.4,904,83.7,39,16,41.0
Tampa Bay Lightning,2014,82,3.16,445,704,53,18.8,7,2428,10.7,812,83.7,21,5,23.8
Toronto Maple Leafs,2014,82,2.51,338,544,45,15.9,7,2397,8.6,823,80.5,32,10,31.3
Vancouver Canucks,2014,82,2.88,406,642,46,19.3,6,2453,9.6,892,85.7,20,10,50.0
Washington Capitals,2014,82,2.89,415,652,60,25.3,4,2419,9.8,857,81.2,47,16,34.0
Winnipeg Jets,2014,82,2.72,371,594,48,17.8,10,2439,9.1,1068,81.8,46,13,28.3
Anaheim Ducks,2013,82,3.21,449,712,44,16.0,10,2569,10.2,894,82.2,42,12,28.6
Boston Bruins,2013,82,3.15,442,700,50,21.7,9,2613,9.9,886,83.7,36,7,19.4
Buffalo Sabres,2013,82,1.83,252,402,36,14.1,5,2156,7.0,903,81.4,51,16,31.4
Calgary Flames,2013,82,2.46,355,557,39,15.7,12,2199,9.2,858,81.7,46,18,39.1
Carolina Hurricanes,2013,82,2.5,331,536,41,14.6,11,2561,8.0,650,81.7,16,4,25.0
Chicago Blackhawks,2013,82,3.18,453,714,50,19.5,9,2715,9.6,699,81.5,59,17,28.8
Colorado Avalanche,2013,82,2.99,435,680,50,19.8,3,2420,10.1,891,80.7,25,9,36.0
Columbus Blue Jackets,2013,82,2.76,382,608,54,19.3,9,2431,9.3,910,82.1,22,9,40.9
Dallas Stars,2013,82,2.82,395,626,46,15.9,8,2597,8.9,900,81.4,39,9,23.1
Detroit Red Wings,2013,82,2.65,362,579,50,17.7,3,2464,8.8,725,83.1,51,11,21.6
Edmonton Oilers,2013,82,2.43,348,547,46,17.0,4,2208,9.0,966,82.1,21,10,47.6
Florida Panthers,2013,82,2.29,302,490,27,10.0,8,2451,7.7,848,76.0,50,19,38.0
Los Angeles Kings,2013,82,2.41,339,537,43,15.1,5,2595,7.6,876,83.1,52,16,30.8
Minnesota Wild,2013,82,2.43,360,559,45,17.9,4,2180,9.1,783,78.8,52,17,32.7
Montreal Canadiens,2013,82,2.55,349,558,48,17.2,6,2330,9.0,1063,85.1,28,11,39.3
Nashville Predators,2013,82,2.61,373,587,46,19.2,2,2382,9.0,808,80.3,44,9,20.5
New Jersey Devils,2013,82,2.4,344,541,47,19.5,9,2199,9.0,656,86.4,45,4,8.9
New York Islanders,2013,82,2.63,370,586,49,17.8,8,2537,8.5,1015,78.1,57,23,40.4
New York Rangers,2013,82,2.61,364,578,48,18.2,10,2719,7.9,817,85.3,26,9,34.6
Ottawa Senators,2013,82,2.79,382,611,50,18.5,5,2692,8.5,1094,80.9,48,15,31.3
Philadelphia Flyers,2013,82,2.84,402,635,58,19.8,8,2490,9.4,1180,84.8,39,11,28.2
Pittsburgh Penguins,2013,82,2.95,424,666,65,23.4,4,2454,9.9,832,85.0,32,11,34.4
San Jose Sharks,2013,82,2.91,425,664,50,17.2,8,2851,8.4,737,84.9,57,22,38.6
St. Louis Blues,2013,82,2.91,420,659,56,19.8,6,2402,10.0,1162,85.7,43,21,48.8
Tampa Bay Lightning,2013,82,2.83,406,638,50,18.5,10,2446,9.5,844,80.7,58,16,27.6
Toronto Maple Leafs,2013,82,2.71,358,580,50,19.8,7,2290,9.7,1040,78.3,35,17,48.6
Vancouver Canucks,2013,82,2.33,322,513,39,15.2,6,2527,7.6,1115,83.2,50,8,16.0
Washington Capitals,2013,82,2.74,401,626,68,23.4,5,2412,9.3,960,82.0,80,27,33.8
Winnipeg Jets,2013,82,2.67,375,594,40,15.4,5,2516,8.7,973,83.2,52,19,36.5
Anaheim Ducks,2012,48,2.79,237,371,29,21.5,5,1347,9.9,535,81.5,30,15,50.0
Boston Bruins,2012,48,2.65,219,346,18,14.8,5,1557,8.2,584,87.1,29,9,31.0
Buffalo Sabres,2012,48,2.46,203,321,23,14.1,7,1339,8.8,630,79.2,32,12,37.5
Calgary Flames,2012,48,2.67,225,353,31,20.0,6,1293,9.9,518,81.5,11,2,18.2
Carolina Hurricanes,2012,48,2.65,214,341,24,14.5,3,1545,8.2,538,77.6,4,2,50.0
Chicago Blackhawks,2012,48,3.1,248,397,25,16.6,5,1494,10.0,444,87.2,38,16,42.1
Colorado Avalanche,2012,48,2.38,197,311,21,15.0,3,1415,8.1,598,80.3,10,6,60.0
Columbus Blue Jackets,2012,48,2.4,201,316,22,14.2,3,1283,9.0,605,82.6,28,11,39.3
Dallas Stars,2012,48,2.67,226,354,29,17.0,2,1261,10.2,623,81.0,8,3,37.5
Detroit Red Wings,2012,48,2.54,213,335,34,18.4,3,1447,8.4,469,81.7,23,5,21.7
Edmonton Oilers,2012,48,2.56,220,343,34,20.1,4,1285,9.6,522,83.4,11,5,45.5
Florida Panthers,2012,48,2.27,172,281,29,20.4,4,1400,7.8,541,74.2,10,5,50.0
Los Angeles Kings,2012,48,2.73,228,359,33,19.9,2,1431,9.2,481,83.2,21,9,42.9
Minnesota Wild,2012,48,2.46,208,326,27,17.9,1,1382,8.5,545,80.7,15,9,60.0
Montreal Canadiens,2012,48,3.04,260,406,42,20.7,0,1468,9.9,636,79.8,19,6,31.6
Nashville Predators,2012,48,2.27,191,300,24,17.1,1,1244,8.8,471,75.7,32,9,28.1
New Jersey Devils,2012,48,2.29,176,286,28,15.9,11,1362,8.1,519,81.1,29,6,20.7
New York Islanders,2012,48,2.81,234,369,31,19.9,2,1485,9.1,471,80.3,20,8,40.0
New York Rangers,2012,48,2.63,205,331,24,15.7,5,1483,8.5,444,81.1,28,9,32.1
Ottawa Senators,2012,48,2.33,198,310,25,15.9,2,1591,7.0,655,88.0,30,11,36.7
Philadelphia Flyers,2012,48,2.75,223,355,37,21.6,2,1394,9.5,755,85.9,9,3,33.3
Pittsburgh Penguins,2012,48,3.38,283,445,42,24.7,2,1438,11.3,563,79.6,8,6,75.0
San Jose Sharks,2012,48,2.42,195,311,34,20.1,3,1526,7.6,521,85.0,37,13,35.1
St. Louis Blues,2012,48,2.58,221,345,29,19.5,3,1336,9.3,541,84.7,22,14,63.6
Tampa Bay Lightning,2012,48,3.06,269,416,31,19.0,0,1323,11.1,577,80.6,10,2,20.0
Toronto Maple Leafs,2012,48,3.02,249,394,31,18.7,1,1264,11.5,776,87.9,24,3,12.5
Vancouver Canucks,2012,48,2.54,204,326,26,15.8,2,1350,9.0,609,84.0,33,8,24.2
Washington Capitals,2012,48,3.04,258,404,44,26.8,3,1350,10.8,516,77.9,9,5,55.6
Winnipeg Jets,2012,48,2.63,215,341,20,13.8,1,1389,9.1,535,79.7,22,6,27.3
Anaheim Ducks,2011,82,2.45,344,545,45,16.6,4,2291,8.8,980,82.0,39,12,30.8
Boston Bruins,2011,82,3.17,426,686,43,17.1,8,2653,9.8,1103,83.5,38,19,50.0
Buffalo Sabres,2011,82,2.57,363,574,44,17.1,5,2397,8.8,904,81.7,56,19,33.9
Calgary Flames,2011,82,2.43,331,530,46,17.7,3,2258,8.8,885,84.3,42,9,21.4
Carolina Hurricanes,2011,82,2.59,334,546,49,16.7,12,2497,8.5,763,80.5,21,4,19.0
Chicago Blackhawks,2011,82,2.94,420,661,42,15.2,7,2583,9.3,848,78.1,44,11,25.0
Colorado Avalanche,2011,82,2.43,342,541,41,18.4,5,2583,7.7,902,83.0,29,15,51.7
Columbus Blue Jackets,2011,82,2.41,339,537,49,15.5,7,2454,8.1,1037,76.6,27,8,29.6
Dallas Stars,2011,82,2.49,367,571,33,13.5,5,2315,8.8,1032,82.8,40,14,35.0
Detroit Red Wings,2011,82,2.91,424,663,48,16.1,2,2638,9.1,699,81.8,40,15,37.5
Edmonton Oilers,2011,82,2.52,358,565,54,20.6,5,2186,9.5,942,82.4,48,16,33.3
Florida Panthers,2011,82,2.4,339,536,53,18.6,4,2433,8.1,792,79.5,58,13,22.4
Los Angeles Kings,2011,82,2.29,328,516,49,16.9,9,2509,7.5,923,87.0,53,13,24.5
Minnesota Wild,2011,82,2.02,283,449,39,15.1,5,2174,7.6,994,82.1,62,25,40.3
Montreal Canadiens,2011,82,2.52,346,553,43,14.3,10,2340,8.8,954,88.6,59,13,22.0
Nashville Predators,2011,82,2.83,407,639,54,21.6,5,2261,10.3,689,83.6,29,6,20.7
New Jersey Devils,2011,82,2.63,373,589,46,17.2,15,2253,9.6,944,89.6,49,28,57.1
New York Islanders,2011,82,2.39,348,544,45,18.5,4,2410,8.1,763,80.5,33,14,42.4
New York Rangers,2011,82,2.71,387,609,44,15.7,8,2338,9.5,1059,86.2,35,9,25.7
Ottawa Senators,2011,82,2.96,416,659,49,18.1,9,2574,9.4,1145,81.6,33,16,48.5
Philadelphia Flyers,2011,82,3.17,450,710,66,19.7,6,2641,9.8,1318,81.8,34,13,38.2
Pittsburgh Penguins,2011,82,3.33,473,746,57,19.7,11,2779,9.8,880,87.7,42,19,45.2
San Jose Sharks,2011,82,2.67,391,610,57,21.1,3,2773,7.9,785,76.9,48,16,33.3
St. Louis Blues,2011,82,2.51,348,554,45,16.7,7,2512,8.2,1062,85.8,46,9,19.6
Tampa Bay Lightning,2011,82,2.83,392,624,41,15.2,2,2227,10.4,865,79.3,20,5,25.0
Toronto Maple Leafs,2011,82,2.77,393,620,49,18.4,5,2322,9.8,824,77.3,25,8,32.0
Vancouver Canucks,2011,82,2.94,426,667,57,19.8,7,2583,9.3,1049,86.0,46,18,39.1
Washington Capitals,2011,82,2.66,364,582,41,16.7,3,2295,9.5,767,81.6,27,12,44.4
Winnipeg Jets,2011,82,2.7,382,603,45,18.0,3,2471,8.9,905,80.1,27,10,37.0
Anaheim Ducks,2010,82,2.87,417,652,67,23.5,7,2334,10.1,1178,81.3,24,6,25.0
Atlanta Thrashers,2010,82,2.66,358,576,53,18.3,6,2581,8.4,930,77.5,42,12,28.6
Boston Bruins,2010,82,2.98,413,657,43,16.2,11,2696,9.1,1115,82.6,23,6,26.1
Buffalo Sabres,2010,82,2.93,413,653,54,19.4,2,2690,8.9,958,83.0,26,12,46.2
Calgary Flames,2010,82,2.94,421,662,62,19.4,7,2501,9.6,836,81.2,50,19,38.0
Carolina Hurricanes,2010,82,2.82,388,619,55,15.9,7,2517,9.2,835,81.3,29,8,27.6
Chicago Blackhawks,2010,82,3.07,437,689,64,23.1,6,2637,9.6,742,79.2,33,11,33.3
Colorado Avalanche,2010,82,2.7,376,597,49,18.5,8,2394,9.2,1077,76.1,25,7,28.0
Columbus Blue Jackets,2010,82,2.56,375,585,42,14.0,6,2506,8.4,1113,80.3,46,13,28.3
Dallas Stars,2010,82,2.71,375,597,55,18.0,10,2269,9.8,1066,80.1,42,15,35.7
Detroit Red Wings,2010,82,3.13,456,713,67,22.3,5,2757,9.3,754,82.3,26,6,23.1
Edmonton Oilers,2010,82,2.33,337,528,44,14.5,8,2188,8.7,1270,76.9,46,8,17.4
Florida Panthers,2010,82,2.33,336,527,35,13.1,4,2493,7.7,716,84.6,37,9,24.3
Los Angeles Kings,2010,82,2.55,370,579,47,16.2,4,2363,8.8,962,85.5,49,20,40.8
Minnesota Wild,2010,82,2.48,357,560,53,18.2,7,2148,9.5,983,82.8,29,11,37.9
Montreal Canadiens,2010,82,2.6,365,578,57,19.7,5,2602,8.2,1097,84.4,28,7,25.0
Nashville Predators,2010,82,2.6,370,583,41,15.2,5,2362,9.0,720,85.0,31,9,29.0
New Jersey Devils,2010,82,2.09,288,459,34,14.4,3,2344,7.3,765,83.4,19,6,31.6
New York Islanders,2010,82,2.74,376,601,52,17.2,15,2408,9.3,1515,83.2,31,11,35.5
New York Rangers,2010,82,2.73,384,608,49,16.9,11,2453,9.1,1074,83.7,51,16,31.4
Ottawa Senators,2010,82,2.32,312,502,45,17.5,6,2381,8.0,1149,83.7,22,3,13.6
Philadelphia Flyers,2010,82,3.12,427,683,49,16.6,13,2605,9.8,1119,82.7,35,10,28.6
Pittsburgh Penguins,2010,82,2.78,390,618,49,15.8,13,2582,8.8,1388,86.1,49,16,32.7
San Jose Sharks,2010,82,2.96,426,669,68,23.5,6,2832,8.6,931,79.4,34,10,29.4
St. Louis Blues,2010,82,2.88,393,629,52,18.6,7,2475,9.5,1225,81.7,38,16,42.1
Tampa Bay Lightning,2010,82,2.94,421,662,69,20.5,1,2605,9.3,905,83.8,52,11,21.2
Toronto Maple Leafs,2010,82,2.6,359,572,52,16.0,5,2360,9.0,985,77.5,36,12,33.3
Vancouver Canucks,2010,82,3.15,450,708,72,24.4,6,2624,9.8,943,85.6,30,10,33.3
Washington Capitals,2010,82,2.67,370,589,46,17.5,7,2566,8.5,926,85.6,36,11,30.6
Anaheim Ducks,2009,82,2.84,387,620,63,21.0,8,2472,9.4,1321,79.3,42,13,31.0
Atlanta Thrashers,2009,82,2.8,411,641,51,16.1,9,2409,9.5,1053,82.2,33,10,30.3
Boston Bruins,2009,82,2.39,348,544,44,16.6,6,2599,7.5,953,86.4,66,19,28.8
Buffalo Sabres,2009,82,2.82,414,645,55,17.6,4,2588,8.9,918,86.6,47,15,31.9
Calgary Flames,2009,82,2.45,342,543,43,16.0,8,2350,8.6,1143,82.3,28,10,35.7
Carolina Hurricanes,2009,82,2.76,388,614,56,16.9,7,2402,9.4,966,80.6,31,9,29.0
Chicago Blackhawks,2009,82,3.2,464,726,52,17.7,13,2798,9.4,924,85.0,69,22,31.9
Colorado Avalanche,2009,82,2.89,420,657,56,18.1,8,2287,10.4,1027,80.2,55,18,32.7
Columbus Blue Jackets,2009,82,2.61,383,597,56,18.2,6,2338,9.2,1086,81.7,50,13,26.0
Dallas Stars,2009,82,2.8,396,626,61,18.6,9,2524,9.1,963,77.4,75,14,18.7
Detroit Red Wings,2009,82,2.72,386,609,59,19.2,8,2737,8.1,723,83.9,63,19,30.2
Edmonton Oilers,2009,82,2.51,354,560,52,17.3,6,2321,8.9,1133,78.0,61,20,32.8
Florida Panthers,2009,82,2.46,351,553,44,14.2,7,2331,8.7,977,79.4,59,15,25.4
Los Angeles Kings,2009,82,2.82,408,639,64,20.8,4,2389,9.7,979,80.3,74,27,36.5
Minnesota Wild,2009,82,2.61,368,582,59,19.1,4,2266,9.4,924,82.7,51,14,27.5
Montreal Canadiens,2009,82,2.56,356,566,57,21.8,4,2346,9.0,936,83.0,37,11,29.7
Nashville Predators,2009,82,2.65,366,583,47,16.4,5,2508,8.7,710,77.1,52,18,34.6
New Jersey Devils,2009,82,2.63,378,594,51,18.7,7,2459,8.8,859,82.8,32,12,37.5
New York Islanders,2009,82,2.61,367,581,49,16.0,7,2493,8.6,950,76.3,57,24,42.1
New York Rangers,2009,82,2.67,370,589,55,18.3,5,2425,9.0,1159,84.3,26,7,26.9
Ottawa Senators,2009,82,2.68,379,599,49,16.9,6,2436,9.0,1141,84.3,32,13,40.6
Philadelphia Flyers,2009,82,2.83,394,626,68,21.5,6,2589,9.0,1362,83.0,20,7,35.0
Pittsburgh Penguins,2009,82,3.04,433,682,56,17.2,7,2688,9.3,1195,84.1,29,15,51.7
San Jose Sharks,2009,82,3.13,443,700,65,21.0,8,2602,9.9,1155,85.0,52,13,25.0
St. Louis Blues,2009,82,2.66,376,594,53,17.2,7,2445,8.9,1318,86.8,39,17,43.6
Tampa Bay Lightning,2009,82,2.6,373,586,63,19.3,2,2367,9.0,1377,80.1,36,6,16.7
Toronto Maple Leafs,2009,82,2.56,368,578,44,14.0,4,2671,7.9,1091,74.7,20,9,45.0
Vancouver Canucks,2009,82,3.27,466,734,68,20.9,9,2534,10.6,1269,81.6,24,12,50.0
Washington Capitals,2009,82,3.82,523,836,79,25.2,4,2693,11.6,940,78.8,48,13,27.1
Anaheim Ducks,2008,82,2.9,426,664,73,23.6,6,2481,9.6,1426,79.7,43,14,32.6
Atlanta Thrashers,2008,82,3.05,419,669,69,19.3,13,2306,10.8,1256,76.0,33,12,36.4
Boston Bruins,2008,82,3.29,465,735,74,23.6,8,2482,10.9,1028,82.4,38,10,26.3
Buffalo Sabres,2008,82,2.95,416,658,75,21.0,7,2505,9.7,1121,81.8,50,19,38.0
Calgary Flames,2008,82,3.06,442,693,61,17.0,6,2643,9.5,1299,83.4,15,4,26.7
Carolina Hurricanes,2008,82,2.88,409,645,70,18.7,8,2675,8.8,802,80.4,24,7,29.2
Chicago Blackhawks,2008,82,3.17,461,721,70,19.3,10,2683,9.7,1157,80.6,31,11,35.5
Colorado Avalanche,2008,82,2.32,329,519,50,15.7,4,2359,8.1,1062,79.9,43,22,51.2
Columbus Blue Jackets,2008,82,2.68,372,592,41,12.7,8,2370,9.3,1227,82.1,34,11,32.4
Dallas Stars,2008,82,2.73,399,623,54,15.4,2,2370,9.5,1144,78.6,45,19,42.2
Detroit Red Wings,2008,82,3.52,511,800,90,25.5,6,2965,9.7,824,78.3,33,13,39.4
Edmonton Oilers,2008,82,2.78,407,635,60,16.9,3,2303,9.9,1247,77.5,29,11,37.9
Florida Panthers,2008,82,2.82,396,627,51,16.6,7,2412,9.6,900,82.6,32,6,18.8
Los Angeles Kings,2008,82,2.46,336,538,69,19.2,4,2383,8.5,1207,82.8,44,13,29.5
Minnesota Wild,2008,82,2.61,370,584,66,20.1,9,2257,9.5,889,87.6,23,8,34.8
Montreal Canadiens,2008,82,2.95,400,642,72,19.3,10,2461,9.8,1229,82.4,38,12,31.6
Nashville Predators,2008,82,2.52,367,574,50,15.7,9,2375,8.7,994,82.5,33,12,36.4
New Jersey Devils,2008,82,2.9,426,664,58,18.9,12,2698,8.8,1058,79.9,25,12,48.0
New York Islanders,2008,82,2.41,344,542,54,16.9,12,2372,8.3,1216,79.8,23,7,30.4
New York Rangers,2008,82,2.44,354,554,48,13.9,9,2658,7.5,1199,87.8,54,19,35.2
Ottawa Senators,2008,82,2.6,359,572,66,19.5,8,2405,8.9,1098,81.5,42,13,31.0
Philadelphia Flyers,2008,82,3.17,416,676,71,22.5,16,2441,10.7,1434,83.0,31,8,25.8
Pittsburgh Penguins,2008,82,3.15,448,706,62,17.2,7,2381,10.8,1114,82.7,40,11,27.5
San Jose Sharks,2008,82,3.06,457,708,87,24.2,12,2720,9.2,1053,83.2,37,14,37.8
St. Louis Blues,2008,82,2.77,384,611,72,20.5,10,2271,10.0,1248,83.8,35,14,40.0
Tampa Bay Lightning,2008,82,2.52,367,574,61,17.8,4,2338,8.9,1306,78.0,45,11,24.4
Toronto Maple Leafs,2008,82,2.98,430,674,62,18.8,6,2603,9.4,1125,74.7,43,16,37.2
Vancouver Canucks,2008,82,2.96,426,669,67,18.8,7,2335,10.4,1351,81.4,40,10,25.0
Washington Capitals,2008,82,3.27,449,717,85,25.2,7,2748,9.8,1041,80.6,28,8,28.6
Anaheim Ducks,2007,82,2.4,342,539,60,16.6,8,2241,8.8,1481,83.1,47,16,34.0
Atlanta Thrashers,2007,82,2.52,336,543,52,16.4,13,2115,9.8,1077,78.8,51,17,33.3
Boston Bruins,2007,82,2.51,353,559,56,17.6,9,2339,8.8,1069,78.6,35,8,22.9
Buffalo Sabres,2007,82,3.06,454,705,66,18.0,9,2478,10.1,1004,83.2,43,12,27.9
Calgary Flames,2007,82,2.76,379,605,59,16.8,9,2316,9.8,1342,81.4,18,7,38.9
Carolina Hurricanes,2007,82,3.05,446,696,79,18.8,4,2669,9.4,1183,78.9,14,7,50.0
Chicago Blackhawks,2007,82,2.85,395,629,58,15.9,17,2298,10.2,1383,82.1,26,10,38.5
Colorado Avalanche,2007,82,2.73,406,630,49,14.6,2,2349,9.5,995,81.4,39,16,41.0
Columbus Blue Jackets,2007,82,2.32,317,507,53,14.8,8,2381,8.0,1325,83.3,37,11,29.7
Dallas Stars,2007,82,2.89,410,647,64,18.0,13,2187,10.8,1176,85.6,28,10,35.7
Detroit Red Wings,2007,82,3.07,443,695,81,20.8,5,2820,8.9,937,84.0,30,12,40.0
Edmonton Oilers,2007,82,2.68,380,600,57,16.6,7,2156,10.2,1175,84.7,65,24,36.9
Florida Panthers,2007,82,2.57,353,564,60,19.2,4,2549,8.3,1026,82.4,41,9,22.0
Los Angeles Kings,2007,82,2.76,381,607,64,17.5,11,2349,9.6,954,78.0,29,12,41.4
Minnesota Wild,2007,82,2.68,390,610,64,18.9,3,2218,9.9,1098,85.2,33,10,30.3
Montreal Canadiens,2007,82,3.13,441,698,90,24.1,8,2383,10.8,1090,82.5,37,9,24.3
Nashville Predators,2007,82,2.77,407,634,53,14.8,7,2425,9.4,1027,85.4,21,6,28.6
New Jersey Devils,2007,82,2.41,346,544,50,15.6,6,2362,8.4,974,82.8,42,15,35.7
New York Islanders,2007,82,2.3,313,502,48,14.5,10,2435,7.8,1041,81.9,32,11,34.4
New York Rangers,2007,82,2.5,370,575,61,16.5,4,2579,7.9,1154,84.5,53,15,28.3
Ottawa Senators,2007,82,3.15,441,699,60,18.3,18,2471,10.4,1175,81.2,31,10,32.3
Philadelphia Flyers,2007,82,2.99,405,650,84,21.8,13,2359,10.4,1471,83.2,25,10,40.0
Pittsburgh Penguins,2007,82,2.93,427,667,77,20.4,6,2269,10.6,1179,81.0,44,17,38.6
San Jose Sharks,2007,82,2.63,376,592,70,18.7,7,2428,8.9,1075,86.0,41,18,43.9
St. Louis Blues,2007,82,2.46,358,560,47,14.0,3,2141,9.4,1153,84.4,27,5,18.5
Tampa Bay Lightning,2007,82,2.7,380,601,57,19.3,7,2354,9.4,1038,82.1,10,4,40.0
Toronto Maple Leafs,2007,82,2.78,399,627,61,17.8,4,2542,9.0,1087,78.2,24,8,33.3
Vancouver Canucks,2007,82,2.52,351,558,63,17.0,8,2252,9.2,1474,82.6,56,13,23.2
Washington Capitals,2007,82,2.9,401,639,65,18.8,5,2538,9.4,975,80.5,39,10,25.6
Anaheim Ducks,2006,82,3.1,453,707,89,22.3,4,2582,9.8,1452,85.0,55,14,25.5
Atlanta Thrashers,2006,82,2.91,397,636,67,16.5,9,2438,9.8,1097,79.8,29,15,51.7
Boston Bruins,2006,82,2.56,361,571,71,17.2,8,2370,8.9,1256,81.7,54,18,33.3
Buffalo Sabres,2006,82,3.63,534,832,71,17.4,8,2417,12.3,1200,81.3,47,17,36.2
Calgary Flames,2006,82,3.11,446,701,73,18.2,15,2242,11.4,1204,80.4,29,9,31.0
Carolina Hurricanes,2006,82,2.94,429,670,67,15.0,12,2559,9.4,1021,84.6,17,1,5.9
Chicago Blackhawks,2006,82,2.38,324,519,43,11.8,12,2201,8.9,1332,82.6,47,17,36.2
Colorado Avalanche,2006,82,3.26,472,739,79,21.1,7,2603,10.3,884,80.2,33,12,36.4
Columbus Blue Jackets,2006,82,2.39,337,533,65,14.8,6,2273,8.6,1357,81.2,42,13,31.0
Dallas Stars,2006,82,2.65,387,604,79,18.5,3,2296,9.5,1133,84.4,51,18,35.3
Detroit Red Wings,2006,82,3.07,431,683,68,17.1,12,2771,9.1,982,84.6,39,10,25.6
Edmonton Oilers,2006,82,2.34,336,528,53,14.2,6,2193,8.8,1285,84.6,22,6,27.3
Florida Panthers,2006,82,2.99,417,662,61,18.1,5,2730,9.0,1181,82.4,38,9,23.7
Los Angeles Kings,2006,82,2.72,406,629,81,18.3,6,2542,8.8,1239,77.9,46,18,39.1
Minnesota Wild,2006,82,2.74,386,611,72,18.9,9,2431,9.3,862,86.0,62,27,43.5
Montreal Canadiens,2006,82,2.91,399,638,86,22.8,17,2426,9.9,1133,83.5,39,15,38.5
Nashville Predators,2006,82,3.24,473,739,71,17.4,8,2261,11.8,1179,85.8,34,14,41.2
New Jersey Devils,2006,82,2.51,385,591,65,17.7,4,2354,8.8,830,85.2,62,25,40.3
New York Islanders,2006,82,2.93,422,662,63,18.1,7,2459,9.8,1062,81.8,58,16,27.6
New York Rangers,2006,82,2.84,410,643,75,18.5,11,2586,9.0,1109,83.8,57,17,29.8
Ottawa Senators,2006,82,3.49,508,794,72,17.9,17,2651,10.8,1173,84.5,31,9,29.0
Philadelphia Flyers,2006,82,2.6,371,584,53,14.1,15,2361,9.0,1301,84.5,28,2,7.1
Pittsburgh Penguins,2006,82,3.26,468,735,94,20.3,14,2366,11.3,1249,82.1,47,17,36.2
San Jose Sharks,2006,82,3.12,459,715,92,22.4,7,2346,10.9,955,83.3,12,7,58.3
St. Louis Blues,2006,82,2.54,369,577,46,12.1,7,2202,9.4,1223,80.0,36,14,38.9
Tampa Bay Lightning,2006,82,2.96,422,665,69,18.4,14,2418,10.1,897,78.4,53,16,30.2
Toronto Maple Leafs,2006,82,3.1,445,699,71,17.7,3,2681,9.5,1139,78.5,44,14,31.8
Vancouver Canucks,2006,82,2.65,392,609,70,17.2,5,2405,9.0,1206,86.9,37,15,40.5
Washington Capitals,2006,82,2.85,380,614,67,16.4,12,2295,10.2,1233,80.2,40,5,12.5
Anaheim Mighty Ducks,2005,82,3.06,432,683,87,18.1,9,2585,9.7,1459,83.5,31,8,25.8
Atlanta Thrashers,2005,82,3.37,471,747,100,18.9,13,2522,10.9,1344,79.2,36,11,30.6
Boston Bruins,2005,82,2.78,382,610,62,14.8,9,2511,9.1,1174,83.7,36,6,16.7
Buffalo Sabres,2005,82,3.37,487,763,101,21.2,10,2510,11.0,1164,86.6,32,12,37.5
Calgary Flames,2005,82,2.63,364,580,87,18.2,8,2299,9.4,1482,84.3,29,6,20.7
Carolina Hurricanes,2005,82,3.49,481,767,95,17.9,17,2553,11.2,1125,81.8,34,17,50.0
Chicago Blackhawks,2005,82,2.55,357,566,51,12.2,6,2480,8.4,1544,83.9,31,10,32.3
Colorado Avalanche,2005,82,3.41,494,774,89,18.8,11,2464,11.4,1178,84.6,30,6,20.0
Columbus Blue Jackets,2005,82,2.62,359,574,64,14.2,10,2250,9.6,1414,81.8,43,15,34.9
Dallas Stars,2005,82,3.09,455,708,88,17.7,10,2336,10.8,1496,83.7,42,24,57.1
Detroit Red Wings,2005,82,3.67,519,820,102,22.1,7,2797,10.8,1117,85.5,25,12,48.0
Edmonton Oilers,2005,82,3.04,438,687,88,18.1,15,2442,10.2,1204,84.1,53,19,35.8
Florida Panthers,2005,82,2.88,404,640,63,15.3,5,2724,8.7,1279,82.3,31,8,25.8
Los Angeles Kings,2005,82,2.96,431,674,77,14.2,15,2394,10.2,1474,78.7,20,10,50.0
Minnesota Wild,2005,82,2.76,386,612,77,17.0,11,2194,10.3,1209,87.4,31,9,29.0
Montreal Canadiens,2005,82,2.94,413,654,89,19.2,10,2470,9.8,1336,81.1,14,4,28.6
Nashville Predators,2005,82,3.09,442,695,94,18.4,12,2380,10.6,1533,84.6,25,12,48.0
New Jersey Devils,2005,82,2.84,417,650,78,17.8,3,2395,9.7,948,81.9,45,18,40.0
New York Islanders,2005,82,2.7,392,613,76,16.9,5,2481,8.9,1266,79.2,41,19,46.3
New York Rangers,2005,82,3.05,434,684,83,18.9,4,2448,10.2,1194,83.7,49,18,36.7
Ottawa Senators,2005,82,3.8,528,840,102,20.8,25,2811,11.1,1462,84.7,23,4,17.4
Philadelphia Flyers,2005,82,3.21,438,701,80,18.0,19,2552,10.3,1201,79.1,33,11,33.3
Pittsburgh Penguins,2005,82,2.96,433,676,94,19.0,13,2297,10.6,1559,78.8,28,6,21.4
San Jose Sharks,2005,82,3.23,456,721,91,18.2,10,2483,10.7,1058,80.7,29,7,24.1
St. Louis Blues,2005,82,2.35,342,535,75,14.6,6,2335,8.3,1373,82.2,38,10,26.3
Tampa Bay Lightning,2005,82,3.0,437,683,81,16.7,11,2594,9.5,959,81.5,27,12,44.4
Toronto Maple Leafs,2005,82,3.1,446,700,107,21.4,14,2323,10.9,1398,80.0,24,4,16.7
Vancouver Canucks,2005,82,3.07,442,694,96,18.3,6,2358,10.7,1475,81.8,23,7,30.4
Washington Capitals,2005,82,2.8,367,597,72,14.7,15,2445,9.4,1499,78.9,54,18,33.3
Anaheim Mighty Ducks,2004,82,2.24,314,498,56,18.1,5,2438,7.5,1131,84.7,0,0,0.0
Atlanta Thrashers,2004,82,2.61,368,582,60,14.7,11,2141,10.0,1505,85.2,0,0,0.0
Boston Bruins,2004,82,2.55,343,552,48,16.0,7,2500,8.4,1208,83.6,0,0,0.0
Buffalo Sabres,2004,82,2.68,360,580,58,15.8,7,2301,9.6,1289,84.8,0,0,0.0
Calgary Flames,2004,82,2.44,338,538,54,15.1,11,2248,8.9,1426,84.7,0,0,0.0
Carolina Hurricanes,2004,82,2.1,283,455,41,10.7,9,2394,7.2,1102,81.6,0,0,0.0
Chicago Blackhawks,2004,82,2.29,326,514,55,15.8,5,2401,7.8,1318,83.5,0,0,0.0
Colorado Avalanche,2004,82,2.88,418,654,74,20.4,7,2411,9.8,1293,83.8,0,0,0.0
Columbus Blue Jackets,2004,82,2.16,296,473,58,14.5,5,2280,7.8,1209,85.2,0,0,0.0
Dallas Stars,2004,82,2.37,344,538,52,15.9,5,2196,8.8,1143,85.9,0,0,0.0
Detroit Red Wings,2004,82,3.11,432,687,63,20.1,15,2484,10.3,966,86.8,0,0,0.0
Edmonton Oilers,2004,82,2.7,363,584,44,13.0,13,2332,9.5,1220,81.1,0,0,0.0
Florida Panthers,2004,82,2.29,307,495,52,16.8,7,2273,8.3,1192,86.3,0,0,0.0
Los Angeles Kings,2004,82,2.5,358,563,50,14.0,9,2349,8.7,1163,80.7,0,0,0.0
Minnesota Wild,2004,82,2.29,313,501,46,13.6,7,1982,9.5,1035,84.5,0,0,0.0
Montreal Canadiens,2004,82,2.54,354,562,55,17.2,5,2270,9.2,1039,82.5,0,0,0.0
Nashville Predators,2004,82,2.63,373,589,72,16.9,14,2227,9.7,1360,81.8,0,0,0.0
New Jersey Devils,2004,82,2.6,375,588,51,16.3,8,2433,8.8,894,85.3,0,0,0.0
New York Islanders,2004,82,2.89,380,617,54,16.7,11,2341,10.1,1168,85.5,0,0,0.0
New York Rangers,2004,82,2.51,356,562,46,14.3,6,2416,8.5,1459,79.4,0,0,0.0
Ottawa Senators,2004,82,3.2,432,694,80,21.6,6,2421,10.8,1270,83.6,0,0,0.0
Philadelphia Flyers,2004,82,2.79,403,632,65,20.7,7,2411,9.5,1357,83.3,0,0,0.0
Pittsburgh Penguins,2004,82,2.32,332,522,65,18.1,7,2029,9.4,1270,77.2,0,0,0.0
San Jose Sharks,2004,82,2.67,376,595,56,16.6,9,2300,9.5,1091,85.3,0,0,0.0
St. Louis Blues,2004,82,2.33,323,514,61,17.9,7,2223,8.6,1274,84.5,0,0,0.0
Tampa Bay Lightning,2004,82,2.99,415,660,55,16.3,15,2460,10.0,985,84.8,0,0,0.0
Toronto Maple Leafs,2004,82,2.95,423,665,75,20.1,8,2253,10.7,1452,83.4,0,0,0.0
Vancouver Canucks,2004,82,2.87,410,645,56,15.0,5,2379,9.9,1274,86.0,0,0,0.0
Washington Capitals,2004,82,2.27,318,504,64,19.2,4,1946,9.6,1282,81.3,0,0,0.0
Anaheim Mighty Ducks,2003,82,2.24,314,498,56,18.1,5,2438,7.5,1131,84.7,0,0,0.0
Atlanta Thrashers,2003,82,2.61,368,582,60,14.7,11,2141,10.0,1505,85.2,0,0,0.0
Boston Bruins,2003,82,2.55,343,552,48,16.0,7,2500,8.4,1208,83.6,0,0,0.0
Buffalo Sabres,2003,82,2.68,360,580,58,15.8,7,2301,9.6,1289,84.8,0,0,0.0
Calgary Flames,2003,82,2.44,338,538,54,15.1,11,2248,8.9,1426,84.7,0,0,0.0
Carolina Hurricanes,2003,82,2.1,283,455,41,10.7,9,2394,7.2,1102,81.6,0,0,0.0
Chicago Blackhawks,2003,82,2.29,326,514,55,15.8,5,2401,7.8,1318,83.5,0,0,0.0
Colorado Avalanche,2003,82,2.88,418,654,74,20.4,7,2411,9.8,1293,83.8,0,0,0.0
Columbus Blue Jackets,2003,82,2.16,296,473,58,14.5,5,2280,7.8,1209,85.2,0,0,0.0
Dallas Stars,2003,82,2.37,344,538,52,15.9,5,2196,8.8,1143,85.9,0,0,0.0
Detroit Red Wings,2003,82,3.11,432,687,63,20.1,15,2484,10.3,966,86.8,0,0,0.0
Edmonton Oilers,2003,82,2.7,363,584,44,13.0,13,2332,9.5,1220,81.1,0,0,0.0
Florida Panthers,2003,82,2.29,307,495,52,16.8,7,2273,8.3,1192,86.3,0,0,0.0
Los Angeles Kings,2003,82,2.5,358,563,50,14.0,9,2349,8.7,1163,80.7,0,0,0.0
Minnesota Wild,2003,82,2.29,313,501,46,13.6,7,1982,9.5,1035,84.5,0,0,0.0
Montreal Canadiens,2003,82,2.54,354,562,55,17.2,5,2270,9.2,1039,82.5,0,0,0.0
Nashville Predators,2003,82,2.63,373,589,72,16.9,14,2227,9.7,1360,81.8,0,0,0.0
New Jersey Devils,2003,82,2.6,375,588,51,16.3,8,2433,8.8,894,85.3,0,0,0.0
New York Islanders,2003,82,2.89,380,617,54,16.7,11,2341,10.1,1168,85.5,0,0,0.0
New York Rangers,2003,82,2.51,356,562,46,14.3,6,2416,8.5,1459,79.4,0,0,0.0
Ottawa Senators,2003,82,3.2,432,694,80,21.6,6,2421,10.8,1270,83.6,0,0,0.0
Philadelphia Flyers,2003,82,2.79,403,632,65,20.7,7,2411,9.5,1357,83.3,0,0,0.0
Pittsburgh Penguins,2003,82,2.32,332,522,65,18.1,7,2029,9.4,1270,77.2,0,0,0.0
San Jose Sharks,2003,82,2.67,376,595,56,16.6,9,2300,9.5,1091,85.3,0,0,0.0
St. Louis Blues,2003,82,2.33,323,514,61,17.9,7,2223,8.6,1274,84.5,0,0,0.0
Tampa Bay Lightning,2003,82,2.99,415,660,55,16.3,15,2460,10.0,985,84.8,0,0,0.0
Toronto Maple Leafs,2003,82,2.95,423,665,75,20.1,8,2253,10.7,1452,83.4,0,0,0.0
Vancouver Canucks,2003,82,2.87,410,645,56,15.0,5,2379,9.9,1274,86.0,0,0,0.0
Washington Capitals,2003,82,2.27,318,504,64,19.2,4,1946,9.6,1282,81.3,0,0,0.0
Anaheim Mighty Ducks,2002,82,2.48,355,558,56,16.1,8,2246,9.0,954,87.4,0,0,0.0
Atlanta Thrashers,2002,82,2.76,365,591,64,17.3,8,2163,10.4,1253,81.7,0,0,0.0
Boston Bruins,2002,82,2.99,409,654,59,18.2,10,2636,9.3,1370,82.7,0,0,0.0
Buffalo Sabres,2002,82,2.32,324,514,51,14.4,8,2345,8.1,1276,85.4,0,0,0.0
Calgary Flames,2002,82,2.27,315,501,47,12.1,5,2341,7.9,1391,83.3,0,0,0.0
Carolina Hurricanes,2002,82,2.09,286,457,58,13.8,6,2414,7.1,1208,81.9,0,0,0.0
Chicago Blackhawks,2002,82,2.52,349,556,39,12.7,8,2279,9.1,1189,84.8,0,0,0.0
Colorado Avalanche,2002,82,3.06,448,699,68,18.7,5,2386,10.5,1084,82.5,0,0,0.0
Columbus Blue Jackets,2002,82,2.6,362,575,71,17.3,12,2143,9.9,1505,85.3,0,0,0.0
Dallas Stars,2002,82,2.99,416,661,62,19.0,9,2466,9.9,1166,85.5,0,0,0.0
Detroit Red Wings,2002,82,3.28,459,728,76,23.8,11,2441,11.0,1214,85.4,0,0,0.0
Edmonton Oilers,2002,82,2.82,398,629,56,14.5,13,2293,10.1,1203,82.6,0,0,0.0
Florida Panthers,2002,82,2.15,286,462,49,14.1,7,2229,7.9,1127,81.5,0,0,0.0
Los Angeles Kings,2002,82,2.48,341,544,52,14.6,8,2272,8.9,1146,83.3,0,0,0.0
Minnesota Wild,2002,82,2.41,327,525,52,14.2,9,2086,9.5,1063,86.0,0,0,0.0
Montreal Canadiens,2002,82,2.51,347,553,44,14.0,2,2119,9.7,900,81.7,0,0,0.0
Nashville Predators,2002,82,2.23,303,486,58,13.9,2,2316,7.9,969,82.7,0,0,0.0
New Jersey Devils,2002,82,2.63,368,584,36,11.9,7,2601,8.3,938,87.9,0,0,0.0
New York Islanders,2002,82,2.73,388,612,58,15.1,12,2427,9.2,1244,83.5,0,0,0.0
New York Rangers,2002,82,2.56,342,552,55,16.2,8,2465,8.5,1306,81.2,0,0,0.0
Ottawa Senators,2002,82,3.21,458,721,83,21.2,4,2442,10.8,1135,84.9,0,0,0.0
Philadelphia Flyers,2002,82,2.57,345,556,47,14.3,8,2537,8.3,1003,85.2,0,0,0.0
Pittsburgh Penguins,2002,82,2.3,334,523,66,18.3,3,2079,9.1,1125,83.5,0,0,0.0
San Jose Sharks,2002,82,2.61,368,582,68,18.1,5,2303,9.3,1112,81.0,0,0,0.0
St. Louis Blues,2002,82,3.09,446,699,80,20.5,11,2301,11.0,1608,81.7,0,0,0.0
Tampa Bay Lightning,2002,82,2.67,388,607,70,17.9,6,2395,9.1,1079,82.6,0,0,0.0
Toronto Maple Leafs,2002,82,2.88,411,647,63,17.5,11,2153,11.0,1390,86.9,0,0,0.0
Vancouver Canucks,2002,82,3.22,458,722,87,20.7,12,2388,11.1,1178,84.1,0,0,0.0
Washington Capitals,2002,82,2.73,399,623,57,17.2,8,2223,10.1,1268,81.3,0,0,0.0
Anaheim Mighty Ducks,2001,82,2.13,295,470,43,11.5,4,2142,8.2,1254,86.1,0,0,0.0
Atlanta Thrashers,2001,82,2.28,292,479,37,12.1,3,1984,9.4,1290,81.8,0,0,0.0
Boston Bruins,2001,82,2.88,387,623,39,13.8,14,2596,9.1,1454,87.1,0,0,0.0
Buffalo Sabres,2001,82,2.6,348,561,50,13.3,7,2295,9.3,1217,86.5,0,0,0.0
Calgary Flames,2001,82,2.45,331,532,55,15.1,10,2207,9.1,1581,81.5,0,0,0.0
Carolina Hurricanes,2001,82,2.65,369,586,63,16.1,4,2347,9.2,1022,83.7,0,0,0.0
Chicago Blackhawks,2001,82,2.63,385,601,54,17.9,4,2271,9.5,1234,81.5,0,0,0.0
Colorado Avalanche,2001,82,2.59,366,578,62,18.0,7,2252,9.4,1007,87.0,0,0,0.0
Columbus Blue Jackets,2001,82,2.0,276,440,50,14.0,3,2046,8.0,1198,83.0,0,0,0.0
Dallas Stars,2001,82,2.62,367,582,60,17.1,7,2335,9.2,959,81.5,0,0,0.0
Detroit Red Wings,2001,82,3.06,433,684,73,20.3,9,2538,9.9,1053,86.0,0,0,0.0
Edmonton Oilers,2001,82,2.5,343,548,51,15.3,12,2256,9.1,1267,85.6,0,0,0.0
Florida Panthers,2001,82,2.2,300,480,50,14.7,8,2205,8.2,1994,80.7,0,0,0.0
Los Angeles Kings,2001,82,2.61,375,589,73,20.7,5,2110,10.1,1348,86.6,0,0,0.0
Minnesota Wild,2001,82,2.38,329,524,55,14.7,11,1954,10.0,1209,82.9,0,0,0.0
Montreal Canadiens,2001,82,2.52,351,558,45,15.0,7,2092,9.9,974,86.3,0,0,0.0
Nashville Predators,2001,82,2.39,326,522,48,14.2,6,2019,9.7,1071,85.9,0,0,0.0
New Jersey Devils,2001,82,2.5,353,558,44,16.9,2,2445,8.4,1010,83.8,0,0,0.0
New York Islanders,2001,82,2.91,402,641,59,16.3,17,2319,10.3,1255,85.8,0,0,0.0
New York Rangers,2001,82,2.77,385,612,48,14.7,8,2392,9.5,1753,79.9,0,0,0.0
Ottawa Senators,2001,82,2.96,383,626,55,16.6,11,2469,9.8,1347,84.4,0,0,0.0
Philadelphia Flyers,2001,82,2.85,386,620,39,13.0,8,2442,9.6,1242,86.3,0,0,0.0
Pittsburgh Penguins,2001,82,2.41,341,539,47,14.0,5,2215,8.9,1248,83.8,0,0,0.0
San Jose Sharks,2001,82,3.02,411,659,59,16.0,15,2228,11.1,1249,85.8,0,0,0.0
St. Louis Blues,2001,82,2.77,391,618,62,17.4,5,2380,9.5,1343,85.2,0,0,0.0
Tampa Bay Lightning,2001,82,2.17,303,481,46,14.7,6,2179,8.2,1072,85.3,0,0,0.0
Toronto Maple Leafs,2001,82,3.04,426,675,54,15.5,9,2339,10.6,1212,84.5,0,0,0.0
Vancouver Canucks,2001,82,3.1,439,693,69,18.5,3,2326,10.9,1342,85.0,0,0,0.0
Washington Capitals,2001,82,2.78,393,621,58,19.4,2,2293,9.9,1043,82.2,0,0,0.0
Anaheim Mighty Ducks,2000,82,2.29,323,511,66,17.7,6,2123,8.9,1136,81.8,0,0,0.0
Atlanta Thrashers,2000,82,2.57,349,560,54,13.7,9,2291,9.2,1500,77.9,0,0,0.0
Boston Bruins,2000,82,2.77,388,615,64,16.4,8,2359,9.6,1325,82.8,0,0,0.0
Buffalo Sabres,2000,82,2.66,382,600,60,16.1,6,2204,9.9,1249,88.0,0,0,0.0
Calgary Flames,2000,82,2.4,347,544,65,14.9,3,2230,8.8,1376,79.9,0,0,0.0
Carolina Hurricanes,2000,82,2.59,369,581,72,18.8,6,2217,9.6,1083,87.2,0,0,0.0
Chicago Blackhawks,2000,82,2.56,347,557,41,12.9,15,2160,9.7,1001,83.9,0,0,0.0
Colorado Avalanche,2000,82,3.29,471,741,80,22.0,11,2395,11.3,1138,82.7,0,0,0.0
Columbus Blue Jackets,2000,82,2.32,304,494,56,14.7,3,2082,9.1,1234,80.7,0,0,0.0
Dallas Stars,2000,82,2.94,412,653,72,19.6,7,2100,11.5,1041,86.2,0,0,0.0
Detroit Red Wings,2000,82,3.09,430,683,85,22.1,10,2650,9.5,1082,85.7,0,0,0.0
Edmonton Oilers,2000,82,2.96,411,654,59,14.8,13,2145,11.3,1287,83.8,0,0,0.0
Florida Panthers,2000,82,2.44,333,533,46,13.0,8,2170,9.2,1509,83.9,0,0,0.0
Los Angeles Kings,2000,82,3.07,436,688,71,19.3,14,2288,11.0,1196,81.2,0,0,0.0
Minnesota Wild,2000,82,2.05,281,449,36,9.6,13,2020,8.3,1200,84.7,0,0,0.0
Montreal Canadiens,2000,82,2.51,347,553,68,16.2,5,2148,9.6,1020,82.2,0,0,0.0
Nashville Predators,2000,82,2.27,319,505,51,14.1,7,2182,8.5,944,85.2,0,0,0.0
New Jersey Devils,2000,82,3.6,516,811,71,22.9,9,2590,11.4,1235,84.7,0,0,0.0
New York Islanders,2000,82,2.26,309,494,51,13.2,9,2257,8.2,1339,82.2,0,0,0.0
New York Rangers,2000,82,3.05,424,674,65,17.9,16,2345,10.7,1522,78.5,0,0,0.0
Ottawa Senators,2000,82,3.34,462,736,71,18.6,10,2476,11.1,1062,86.4,0,0,0.0
Philadelphia Flyers,2000,82,2.93,398,638,55,15.7,11,2452,9.8,1183,82.5,0,0,0.0
Pittsburgh Penguins,2000,82,3.43,501,782,76,20.3,7,2394,11.7,1585,80.7,0,0,0.0
San Jose Sharks,2000,82,2.65,374,591,57,14.0,8,2266,9.6,1364,86.2,0,0,0.0
St. Louis Blues,2000,82,3.04,408,657,72,18.7,15,2494,10.0,1345,85.3,0,0,0.0
Tampa Bay Lightning,2000,82,2.45,335,536,53,12.5,9,2014,10.0,1404,82.9,0,0,0.0
Toronto Maple Leafs,2000,82,2.83,404,636,57,16.1,2,2276,10.2,1430,85.0,0,0,0.0
Vancouver Canucks,2000,82,2.91,399,638,71,17.1,12,2434,9.8,1113,80.9,0,0,0.0
Washington Capitals,2000,82,2.84,409,642,75,21.2,6,2348,9.9,1141,84.1,0,0,0.0
Anaheim Mighty Ducks,1999,82,2.65,375,592,55,16.6,4,2352,9.2,926,79.1,0,0,0.0
Atlanta Thrashers,1999,82,2.07,286,456,44,12.6,6,2115,8.0,1422,80.3,0,0,0.0
Boston Bruins,1999,82,2.56,343,553,51,14.4,0,2516,8.3,865,79.5,0,0,0.0
Buffalo Sabres,1999,82,2.6,345,558,37,10.5,8,2228,9.6,1173,85.0,0,0,0.0
Calgary Flames,1999,82,2.57,370,581,59,17.9,4,2468,8.5,1267,79.7,0,0,0.0
Carolina Hurricanes,1999,82,2.65,369,586,58,17.0,3,2161,10.0,799,84.2,0,0,0.0
Chicago Blackhawks,1999,82,2.95,402,644,52,16.0,10,2106,11.5,1444,83.7,0,0,0.0
Colorado Avalanche,1999,82,2.84,393,626,59,19.5,3,2188,10.6,1118,84.5,0,0,0.0
Dallas Stars,1999,82,2.57,366,577,54,15.7,9,2099,10.1,1029,89.3,0,0,0.0
Detroit Red Wings,1999,82,3.39,467,745,69,20.4,15,2620,10.6,1014,85.9,0,0,0.0
Edmonton Oilers,1999,82,2.76,377,603,53,15.8,9,2310,9.8,1354,85.4,0,0,0.0
Florida Panthers,1999,82,2.98,413,657,58,17.2,2,2198,11.1,1329,85.4,0,0,0.0
Los Angeles Kings,1999,82,2.99,425,670,60,16.9,4,2421,10.1,1313,82.3,0,0,0.0
Montreal Canadiens,1999,82,2.39,326,522,54,16.7,7,2135,9.2,1067,86.8,0,0,0.0
Nashville Predators,1999,82,2.43,331,530,41,13.5,9,2215,9.0,946,85.1,0,0,0.0
New Jersey Devils,1999,82,3.06,438,689,55,20.1,9,2717,9.2,1313,87.5,0,0,0.0
New York Islanders,1999,82,2.37,308,502,45,14.1,8,2147,9.0,1376,80.0,0,0,0.0
New York Rangers,1999,82,2.66,382,600,55,16.9,5,2416,9.0,916,83.2,0,0,0.0
Ottawa Senators,1999,82,2.98,397,641,52,16.8,6,2584,9.4,850,87.5,0,0,0.0
Philadelphia Flyers,1999,82,2.89,386,623,69,20.3,7,2495,9.5,1233,86.7,0,0,0.0
Pittsburgh Penguins,1999,82,2.94,427,668,54,15.6,7,2137,11.3,1221,82.6,0,0,0.0
San Jose Sharks,1999,82,2.74,383,608,62,16.4,16,2248,10.0,1292,83.6,0,0,0.0
St. Louis Blues,1999,82,3.02,428,676,61,17.8,13,2445,10.1,1139,87.8,0,0,0.0
Tampa Bay Lightning,1999,82,2.49,344,548,51,14.0,9,2084,9.8,1723,80.7,0,0,0.0
Toronto Maple Leafs,1999,82,3.0,406,652,57,17.8,11,2161,11.4,1103,82.4,0,0,0.0
Vancouver Canucks,1999,82,2.77,381,608,51,15.8,9,2187,10.4,1047,80.4,0,0,0.0
Washington Capitals,1999,82,2.77,377,604,43,15.0,9,2269,10.0,994,86.2,0,0,0.0
Anaheim Mighty Ducks,1998,82,2.62,350,565,83,22.0,6,2331,9.2,1323,84.5,0,0,0.0
Boston Bruins,1998,82,2.61,366,580,65,17.7,3,2262,9.5,1182,89.2,0,0,0.0
Buffalo Sabres,1998,82,2.52,348,555,49,13.5,6,2150,9.6,1561,86.2,0,0,0.0
Calgary Flames,1998,82,2.57,348,559,51,14.3,12,2344,9.0,1389,79.8,0,0,0.0
Carolina Hurricanes,1998,82,2.56,348,558,42,11.0,5,2142,9.8,1158,85.3,0,0,0.0
Chicago Blackhawks,1998,82,2.46,333,535,50,14.9,8,2145,9.4,1807,80.2,0,0,0.0
Colorado Avalanche,1998,82,2.91,420,659,71,18.9,7,2299,10.4,1619,83.7,0,0,0.0
Dallas Stars,1998,82,2.88,396,632,74,18.8,6,2266,10.4,1108,86.5,0,0,0.0
Detroit Red Wings,1998,82,2.99,434,679,67,16.1,14,2622,9.3,1202,87.3,0,0,0.0
Edmonton Oilers,1998,82,2.8,385,615,63,14.4,8,2396,9.6,1373,82.1,0,0,0.0
Florida Panthers,1998,82,2.56,352,562,51,13.4,10,2307,9.1,1522,81.9,0,0,0.0
Los Angeles Kings,1998,82,2.3,302,491,43,13.2,12,2317,8.2,1383,85.8,0,0,0.0
Montreal Canadiens,1998,82,2.24,312,496,50,14.5,8,2269,8.1,1299,87.2,0,0,0.0
Nashville Predators,1998,82,2.32,332,522,40,12.3,7,2219,8.6,1420,79.0,0,0,0.0
New Jersey Devils,1998,82,3.02,430,678,60,19.7,7,2565,9.7,1355,85.5,0,0,0.0
New York Islanders,1998,82,2.37,314,508,54,15.8,8,2157,9.0,1111,83.5,0,0,0.0
New York Rangers,1998,82,2.65,374,591,71,20.4,7,2085,10.4,1087,85.7,0,0,0.0
Ottawa Senators,1998,82,2.91,392,631,59,14.9,6,2503,9.5,892,86.1,0,0,0.0
Philadelphia Flyers,1998,82,2.82,399,630,65,16.8,4,2451,9.4,1075,84.1,0,0,0.0
Pittsburgh Penguins,1998,82,2.95,417,659,65,17.9,10,2089,11.6,977,81.5,0,0,0.0
San Jose Sharks,1998,82,2.39,330,526,53,13.3,8,2143,9.1,1423,85.0,0,0,0.0
St. Louis Blues,1998,82,2.89,409,646,61,20.3,7,2469,9.6,1308,87.9,0,0,0.0
Tampa Bay Lightning,1998,82,2.18,291,470,43,13.9,11,2130,8.4,1316,82.4,0,0,0.0
Toronto Maple Leafs,1998,82,3.27,454,722,53,14.4,7,2318,11.6,1095,80.3,0,0,0.0
Vancouver Canucks,1998,82,2.34,305,497,57,15.9,17,1945,9.9,1764,82.9,0,0,0.0
Washington Capitals,1998,82,2.44,324,524,52,17.3,8,2377,8.4,1381,84.4,0,0,0.0
Anaheim Mighty Ducks,1997,82,2.5,318,523,46,11.7,9,2184,9.4,1843,81.8,0,0,0.0
Boston Bruins,1997,82,2.7,366,587,62,17.3,5,2230,9.9,1117,84.6,0,0,0.0
Buffalo Sabres,1997,82,2.57,342,553,51,12.9,15,2172,9.7,1768,84.3,0,0,0.0
Calgary Flames,1997,82,2.65,341,558,43,12.1,18,2270,9.6,1859,84.0,0,0,0.0
Carolina Hurricanes,1997,82,2.44,337,537,50,13.2,8,2177,9.2,1455,85.2,0,0,0.0
Chicago Blackhawks,1997,82,2.34,327,519,47,12.9,13,2278,8.4,1546,84.8,0,0,0.0
Colorado Avalanche,1997,82,2.82,404,635,74,17.4,8,2290,10.1,1729,87.0,0,0,0.0
Dallas Stars,1997,82,2.95,405,647,77,20.0,11,2200,11.0,1301,88.0,0,0,0.0
Detroit Red Wings,1997,82,3.05,425,675,67,17.6,8,2531,9.9,1346,86.4,0,0,0.0
Edmonton Oilers,1997,82,2.62,345,560,77,15.9,10,2351,9.1,1690,83.7,0,0,0.0
Florida Panthers,1997,82,2.48,328,531,55,13.4,12,2278,8.9,1676,79.7,0,0,0.0
Los Angeles Kings,1997,82,2.77,374,601,52,14.2,10,2200,10.3,1763,84.2,0,0,0.0
Montreal Canadiens,1997,82,2.87,414,649,68,18.3,13,2277,10.3,1547,84.5,0,0,0.0
New Jersey Devils,1997,82,2.74,384,609,63,18.9,4,2401,9.4,1488,86.7,0,0,0.0
New York Islanders,1997,82,2.59,331,543,61,16.7,11,2119,10.0,1646,85.9,0,0,0.0
New York Rangers,1997,82,2.4,352,549,62,17.7,0,2075,9.5,1548,85.4,0,0,0.0
Ottawa Senators,1997,82,2.35,309,502,48,12.8,6,2401,8.0,1091,84.5,0,0,0.0
Philadelphia Flyers,1997,82,2.95,414,656,71,17.8,7,2352,10.3,1766,86.6,0,0,0.0
Pittsburgh Penguins,1997,82,2.78,400,628,67,16.5,11,2176,10.5,1225,86.4,0,0,0.0
San Jose Sharks,1997,82,2.56,338,548,54,13.5,10,2169,9.7,1417,85.2,0,0,0.0
St. Louis Blues,1997,82,3.12,426,682,62,16.8,12,2203,11.6,1414,86.6,0,0,0.0
Tampa Bay Lightning,1997,82,1.84,248,399,33,9.3,11,2100,7.2,1823,82.4,0,0,0.0
Toronto Maple Leafs,1997,82,2.37,320,514,41,11.4,5,2272,8.5,1481,86.6,0,0,0.0
Vancouver Canucks,1997,82,2.73,350,574,48,12.8,19,2092,10.7,2166,82.2,0,0,0.0
Washington Capitals,1997,82,2.67,370,589,55,15.7,14,2225,9.8,1198,89.2,0,0,0.0
Anaheim Mighty Ducks,1996,82,2.99,417,662,56,16.8,9,2331,10.5,1710,81.5,0,0,0.0
Boston Bruins,1996,82,2.85,392,626,46,14.8,15,2427,9.6,1369,81.8,0,0,0.0
Buffalo Sabres,1996,82,2.89,394,631,43,13.2,16,2090,11.3,1840,83.8,0,0,0.0
Calgary Flames,1996,82,2.61,346,560,61,16.9,11,2571,8.3,1444,83.2,0,0,0.0
Chicago Blackhawks,1996,82,2.72,370,593,45,14.8,5,2491,9.0,1763,84.2,0,0,0.0
Colorado Avalanche,1996,82,3.38,465,742,83,20.6,14,2620,10.6,1361,87.6,0,0,0.0
Dallas Stars,1996,82,3.07,432,684,46,14.7,11,2439,10.3,1325,83.4,0,0,0.0
Detroit Red Wings,1996,82,3.09,435,688,66,17.9,10,2726,9.3,1582,86.7,0,0,0.0
Edmonton Oilers,1996,82,3.07,406,658,73,18.0,9,2521,10.0,1368,82.5,0,0,0.0
Florida Panthers,1996,82,2.7,381,602,50,14.2,5,2387,9.3,1628,85.5,0,0,0.0
Hartford Whalers,1996,82,2.76,356,582,58,18.1,12,2435,9.3,1513,84.6,0,0,0.0
Los Angeles Kings,1996,82,2.61,340,554,46,13.6,5,2379,9.0,1638,87.2,0,0,0.0
Montreal Canadiens,1996,82,3.04,431,680,53,15.7,10,2474,10.1,1469,79.5,0,0,0.0
New Jersey Devils,1996,82,2.82,394,625,40,13.9,4,2593,8.9,1135,88.1,0,0,0.0
New York Islanders,1996,82,2.93,372,612,48,13.9,14,2188,11.0,1640,83.4,0,0,0.0
New York Rangers,1996,82,3.15,432,690,63,22.0,15,2528,10.2,1481,79.9,0,0,0.0
Ottawa Senators,1996,82,2.76,368,594,56,16.7,9,2397,9.4,1087,81.9,0,0,0.0
Philadelphia Flyers,1996,82,3.34,455,729,53,14.6,11,2644,10.4,1699,85.7,0,0,0.0
Pittsburgh Penguins,1996,82,3.48,496,781,74,21.8,11,2414,11.8,1498,81.1,0,0,0.0
San Jose Sharks,1996,82,2.57,330,541,50,14.3,9,2360,8.9,2085,83.9,0,0,0.0
St. Louis Blues,1996,82,2.88,386,622,50,15.3,9,2415,9.8,1336,83.4,0,0,0.0
Tampa Bay Lightning,1996,82,2.65,352,569,47,13.8,13,2574,8.4,1686,84.8,0,0,0.0
Toronto Maple Leafs,1996,82,2.8,365,595,48,15.5,11,2401,9.6,1331,82.0,0,0,0.0
Vancouver Canucks,1996,82,3.13,436,693,51,16.8,12,2301,11.2,1607,80.8,0,0,0.0
Washington Capitals,1996,82,2.61,342,556,51,15.8,8,2370,9.0,1652,84.7,0,0,0.0
Anaheim Mighty Ducks,1995,82,2.85,403,637,60,14.1,10,2354,9.9,1707,80.9,0,0,0.0
Boston Bruins,1995,82,3.44,457,739,68,18.3,13,2838,9.9,1039,80.2,0,0,0.0
Buffalo Sabres,1995,82,3.01,417,664,74,15.5,10,2333,10.6,2195,84.5,0,0,0.0
Calgary Flames,1995,82,2.94,383,624,70,18.1,11,2466,9.8,1524,80.4,0,0,0.0
Chicago Blackhawks,1995,82,3.33,475,748,63,17.7,13,2240,12.2,1880,85.5,0,0,0.0
Colorado Avalanche,1995,82,3.98,542,868,86,21.1,21,2644,12.3,1536,83.7,0,0,0.0
Dallas Stars,1995,82,2.77,377,604,67,15.0,8,2472,9.2,1652,80.3,0,0,0.0
Detroit Red Wings,1995,82,3.96,555,880,97,21.3,17,2648,12.3,1551,88.2,0,0,0.0
Edmonton Oilers,1995,82,2.93,405,645,71,15.7,10,2459,9.8,1709,81.1,0,0,0.0
Florida Panthers,1995,82,3.1,434,688,81,17.4,11,2364,10.7,1494,83.0,0,0,0.0
Hartford Whalers,1995,82,2.89,382,619,67,18.0,8,2494,9.5,1844,80.7,0,0,0.0
Los Angeles Kings,1995,82,3.12,438,694,72,18.0,12,2573,9.9,1460,81.1,0,0,0.0
Montreal Canadiens,1995,82,3.23,433,698,77,19.1,15,2363,11.2,1847,82.4,0,0,0.0
New Jersey Devils,1995,82,2.62,347,562,54,14.8,11,2637,8.2,1486,84.7,0,0,0.0
New York Islanders,1995,82,2.79,373,602,69,18.7,8,2310,9.9,1669,78.9,0,0,0.0
New York Rangers,1995,82,3.32,469,741,85,19.9,6,2671,10.2,1852,82.0,0,0,0.0
Ottawa Senators,1995,82,2.33,309,500,53,12.3,6,2204,8.7,1553,77.9,0,0,0.0
Philadelphia Flyers,1995,82,3.44,482,764,82,19.9,12,2530,11.1,1785,86.0,0,0,0.0
Pittsburgh Penguins,1995,82,4.41,643,1005,109,25.9,18,2645,13.7,1623,83.3,0,0,0.0
San Jose Sharks,1995,82,3.07,403,655,62,16.1,15,2143,11.8,1480,76.5,0,0,0.0
St. Louis Blues,1995,82,2.67,344,563,74,16.5,11,2548,8.6,1823,83.0,0,0,0.0
Tampa Bay Lightning,1995,82,2.9,386,624,83,20.4,6,2546,9.3,1628,84.1,0,0,0.0
Toronto Maple Leafs,1995,82,3.01,394,641,83,18.6,11,2675,9.2,1742,82.9,0,0,0.0
Vancouver Canucks,1995,82,3.39,465,743,69,16.9,17,2472,11.2,1546,81.8,0,0,0.0
Washington Capitals,1995,82,2.85,405,639,63,15.6,12,2470,9.5,1553,82.6,0,0,0.0
Anaheim Mighty Ducks,1994,48,2.6,211,336,23,11.4,4,1346,9.3,734,75.6,0,0,0.0
Boston Bruins,1994,48,3.13,247,397,46,21.8,3,1651,9.1,793,86.9,0,0,0.0
Buffalo Sabres,1994,48,2.71,212,342,45,18.6,13,1276,10.2,1022,85.5,0,0,0.0
Calgary Flames,1994,48,3.4,273,436,39,18.5,7,1451,11.2,1249,85.1,0,0,0.0
Chicago Blackhawks,1994,48,3.25,258,414,52,24.5,7,1443,10.8,1123,84.2,0,0,0.0
Dallas Stars,1994,48,2.83,222,358,39,15.7,4,1520,8.9,1117,84.4,0,0,0.0
Detroit Red Wings,1994,48,3.75,311,491,52,24.2,5,1571,11.5,932,86.4,0,0,0.0
Edmonton Oilers,1994,48,2.83,232,368,42,16.2,8,1427,9.5,1183,77.7,0,0,0.0
Florida Panthers,1994,48,2.4,183,298,29,13.1,1,1191,9.7,770,83.2,0,0,0.0
Hartford Whalers,1994,48,2.65,217,344,30,17.2,3,1428,8.9,915,80.0,0,0,0.0
Los Angeles Kings,1994,48,2.96,249,391,35,17.5,5,1443,9.8,978,81.0,0,0,0.0
Montreal Canadiens,1994,48,2.6,208,333,28,16.3,1,1376,9.1,840,80.6,0,0,0.0
New Jersey Devils,1994,48,2.83,227,363,22,13.4,3,1444,9.4,787,81.2,0,0,0.0
New York Islanders,1994,48,2.63,199,325,28,15.7,4,1357,9.3,901,78.4,0,0,0.0
New York Rangers,1994,48,2.9,224,363,40,20.0,5,1529,9.1,781,83.9,0,0,0.0
Ottawa Senators,1994,48,2.44,179,296,31,14.4,1,1247,9.4,749,80.4,0,0,0.0
Philadelphia Flyers,1994,48,3.13,248,398,40,19.6,2,1314,11.4,741,80.8,0,0,0.0
Pittsburgh Penguins,1994,48,3.77,316,497,42,19.0,8,1400,12.9,1036,79.9,0,0,0.0
Quebec Nordiques,1994,48,3.85,309,494,45,24.2,9,1448,12.8,770,81.3,0,0,0.0
San Jose Sharks,1994,48,2.69,220,349,24,11.8,6,1152,11.2,840,81.3,0,0,0.0
St. Louis Blues,1994,48,3.71,290,468,36,16.4,7,1411,12.6,1077,80.3,0,0,0.0
Tampa Bay Lightning,1994,48,2.5,187,307,25,14.1,6,1280,9.4,1040,84.4,0,0,0.0
Toronto Maple Leafs,1994,48,2.81,219,354,37,17.0,5,1520,8.9,744,84.9,0,0,0.0
Vancouver Canucks,1994,48,3.19,255,408,47,19.7,7,1579,9.7,1093,83.5,0,0,0.0
Washington Capitals,1994,48,2.83,236,372,45,19.9,13,1386,9.8,1144,84.5,0,0,0.0
Anaheim Mighty Ducks,1993,84,2.73,359,588,54,14.4,9,2402,9.5,1507,82.7,0,0,0.0
Boston Bruins,1993,84,3.44,486,775,84,21.7,17,2980,9.7,1442,84.7,0,0,0.0
Buffalo Sabres,1993,84,3.36,447,729,96,22.6,21,2369,11.9,1760,84.7,0,0,0.0
Calgary Flames,1993,84,3.6,495,797,87,21.2,16,2640,11.4,1847,80.6,0,0,0.0
Chicago Blackhawks,1993,84,3.02,433,687,67,17.5,15,2545,10.0,2125,83.4,0,0,0.0
Dallas Stars,1993,84,3.4,487,773,81,18.4,8,2558,11.2,1919,84.1,0,0,0.0
Detroit Red Wings,1993,84,4.24,592,948,85,20.8,22,2990,11.9,1775,80.9,0,0,0.0
Edmonton Oilers,1993,84,3.11,438,699,74,18.4,2,2549,10.2,1858,80.5,0,0,0.0
Florida Panthers,1993,84,2.77,379,612,65,15.9,8,2291,10.2,1620,82.6,0,0,0.0
Hartford Whalers,1993,84,2.7,388,615,61,15.0,8,2319,9.8,1809,78.8,0,0,0.0
Los Angeles Kings,1993,84,3.5,491,785,92,20.7,19,2769,10.6,2017,80.5,0,0,0.0
Montreal Canadiens,1993,84,3.37,472,755,78,20.1,8,2621,10.8,1524,82.6,0,0,0.0
New Jersey Devils,1993,84,3.64,510,816,61,18.3,10,2657,11.5,1734,81.1,0,0,0.0
New York Islanders,1993,84,3.36,465,747,74,20.1,15,2511,11.2,1787,81.1,0,0,0.0
New York Rangers,1993,84,3.56,495,794,96,23.0,20,2871,10.4,1688,84.6,0,0,0.0
Ottawa Senators,1993,84,2.39,343,544,63,14.5,9,2149,9.4,1710,73.3,0,0,0.0
Philadelphia Flyers,1993,84,3.5,521,815,80,20.8,9,2409,12.2,1697,80.7,0,0,0.0
Pittsburgh Penguins,1993,84,3.56,518,817,76,18.8,6,2731,10.9,1624,82.0,0,0,0.0
Quebec Nordiques,1993,84,3.3,455,732,67,15.6,10,2405,11.5,1625,79.6,0,0,0.0
San Jose Sharks,1993,84,3.0,424,676,68,16.0,6,2101,12.0,1343,78.6,0,0,0.0
St. Louis Blues,1993,84,3.21,447,717,86,20.5,17,2570,10.5,1659,81.2,0,0,0.0
Tampa Bay Lightning,1993,84,2.67,356,580,57,14.7,7,2503,8.9,1579,82.7,0,0,0.0
Toronto Maple Leafs,1993,84,3.33,461,741,88,19.2,8,2530,11.1,1877,81.9,0,0,0.0
Vancouver Canucks,1993,84,3.32,455,734,83,18.8,14,2625,10.6,1923,81.7,0,0,0.0
Washington Capitals,1993,84,3.3,470,747,70,18.1,8,2606,10.6,2007,81.6,0,0,0.0
